model,domain,horizon,seed,alpha,best_epoch,epochs_run,original_mse,selected_mse,raw_saved_checkpoint_mse,selected_change_pct,raw_change_pct,selected_exactly_base,raw_exactly_base,raw_base_max_abs,raw_mse_holdout_ratio,raw_mae_holdout_ratio
TaTS,Agriculture,6,2026,1.0,61,97,0.49579507604065326,0.3979235619450347,0.3979235619450347,-19.7403158734867,-19.7403158734867,False,False,0.5122814178466797,0.7679936507410421,0.8722897031062945
TaTS,Agriculture,6,2027,1.0,59,99,0.49579507604065326,0.39794278513955345,0.39794278513955345,-19.73643862753415,-19.73643862753415,False,False,0.5025815963745117,0.7702934548156278,0.8736689489475971
TaTS,Agriculture,6,2028,1.0,46,107,0.49579507604065326,0.40051194980789606,0.40051194980789606,-19.218247787709853,-19.218247787709853,False,False,0.5048508644104004,0.7757722069944747,0.8768634841432689
MM-TSFlib,Agriculture,6,2026,1.0,61,97,3.0201228416151027,2.337863546961723,2.337863546961723,-22.59044848283458,-22.59044848283458,False,False,0.5184065103530884,0.796749581478079,0.8898863139389076
MM-TSFlib,Agriculture,6,2027,1.0,59,99,3.0201228416151027,2.344621252785377,2.344621252785377,-22.366692490841878,-22.366692490841878,False,False,0.5161432027816772,0.798779272341756,0.8910773567656687
MM-TSFlib,Agriculture,6,2028,1.0,46,107,3.0201228416151027,2.356363678904279,2.356363678904279,-21.97788624901954,-21.97788624901954,False,False,0.502827525138855,0.8036984251646427,0.8939501298747425
SpecTF,Agriculture,6,2026,0.25,61,97,0.2098411645526121,0.1950213167751723,0.1815254666211988,-7.062412091086223,-13.493871896766885,False,False,0.5123271942138672,1.1129654152834787,0.987922128422526
SpecTF,Agriculture,6,2027,0.25,59,99,0.2098411645526121,0.19511469354249358,0.1800076335338604,-7.017913306722157,-14.217196650789521,False,False,0.5031523704528809,1.1079874777392786,0.9859714663389547
SpecTF,Agriculture,6,2028,0.25,46,107,0.2098411645526121,0.19498050408875686,0.18141013314670723,-7.081861414340995,-13.548834170130874,False,False,0.5048065185546875,1.1087221391215403,0.9868450560004576
CFA,Agriculture,6,2026,0.0,61,97,0.16785088749539434,0.16785088749539434,0.19683444577435422,0.0,17.26744416514041,True,False,0.512209415435791,1.3987929020410277,1.166900356222177
CFA,Agriculture,6,2027,0.0,59,99,0.16785088749539434,0.16785088749539434,0.190989031307223,0.0,13.78493981002249,True,False,0.5017576217651367,1.3613566850517511,1.1458269526172886
CFA,Agriculture,6,2028,0.0,46,107,0.16785088749539434,0.16785088749539434,0.19832958825322228,0.0,18.158200538954095,True,False,0.5050153732299805,1.4022343261152845,1.170135793836558
Aurora,Agriculture,6,2026,1.0,61,97,0.9220825499208489,0.6099182827937712,0.6099182827937712,-33.85426469179724,-33.85426469179724,False,False,0.5123732089996338,0.7882100774265791,0.8735419477007272
Aurora,Agriculture,6,2027,1.0,59,99,0.9220825499208489,0.6119211865785306,0.6119211865785306,-33.63704945603215,-33.63704945603215,False,False,0.5087230205535889,0.7855820045062694,0.8724478259245404
Aurora,Agriculture,6,2028,1.0,46,107,0.9220825499208489,0.6152997444572285,0.6152997444572285,-33.27064431378237,-33.27064431378237,False,False,0.5007121562957764,0.7919838606379676,0.8773073593127519
TaTS,Agriculture,8,2026,1.0,79,117,0.4841925676786266,0.4526880445961656,0.4526880445961656,-6.506610217811426,-6.506610217811426,False,False,0.47907257080078125,0.7635559966622041,0.8666898631574732
TaTS,Agriculture,8,2027,1.0,76,100,0.4841925676786266,0.44731688960487637,0.44731688960487637,-7.615911630065697,-7.615911630065697,False,False,0.4958009719848633,0.758637851689173,0.863422508008406
TaTS,Agriculture,8,2028,1.0,81,107,0.4841925676786266,0.453101547010204,0.453101547010204,-6.421209812757533,-6.421209812757533,False,False,0.5024991035461426,0.7524622037918567,0.8598101111766604
MM-TSFlib,Agriculture,8,2026,1.0,79,117,3.1082829187258283,2.4851405398688398,2.4851405398688398,-20.047801154228008,-20.047801154228008,False,False,0.49414920806884766,0.819895057991421,0.9003482349856211
MM-TSFlib,Agriculture,8,2027,1.0,76,100,3.1082829187258283,2.4725719303783076,2.4725719303783076,-20.452159760544465,-20.452159760544465,False,False,0.506216287612915,0.8145719251627852,0.8979411954815841
MM-TSFlib,Agriculture,8,2028,1.0,81,107,3.1082829187258283,2.454417779067208,2.454417779067208,-21.036216996831737,-21.036216996831737,False,False,0.5012145042419434,0.8102540871580258,0.8951685848049863
SpecTF,Agriculture,8,2026,0.0,79,117,0.285905947009229,0.285905947009229,0.2535073261314334,0.0,-11.331915693502449,True,False,0.4833688735961914,1.4095064353899356,1.13077600664745
SpecTF,Agriculture,8,2027,0.0,76,100,0.285905947009229,0.285905947009229,0.2531570139221348,0.0,-11.45444277381088,True,False,0.49636220932006836,1.3978923366385296,1.1239140798019036
SpecTF,Agriculture,8,2028,0.0,81,107,0.285905947009229,0.285905947009229,0.25388070482397435,0.0,-11.201320756094969,True,False,0.5025830268859863,1.4422340229129664,1.1466813605824262
CFA,Agriculture,8,2026,0.0,79,117,0.2135153200313922,0.2135153200313922,0.21789168885830398,0.0,2.049674386956557,True,False,0.48177242279052734,1.383050460973694,1.1519378181640931
CFA,Agriculture,8,2027,0.0,76,100,0.2135153200313922,0.2135153200313922,0.21663603395585085,0.0,1.4615878261100113,True,False,0.4962882995605469,1.365572472204791,1.143458593251858
CFA,Agriculture,8,2028,0.0,81,107,0.2135153200313922,0.2135153200313922,0.21968300478814098,0.0,2.8886380405124923,True,False,0.5025606155395508,1.4100726797181542,1.1662400607111423
Aurora,Agriculture,8,2026,1.0,79,117,1.000703602706396,0.704650796477482,0.704650796477482,-29.584464913311127,-29.584464913311127,False,False,0.49090003967285156,0.7489250150189972,0.851754755019905
Aurora,Agriculture,8,2027,1.0,76,100,1.000703602706396,0.6995518924636966,0.6995518924636966,-30.093996806670486,-30.093996806670486,False,False,0.4973785877227783,0.7384226061075913,0.846282852796367
Aurora,Agriculture,8,2028,1.0,81,107,1.000703602706396,0.6911797543640529,0.6911797543640529,-30.93062196490929,-30.93062196490929,False,False,0.5020692348480225,0.739413115161791,0.8443383169130053
TaTS,Agriculture,10,2026,1.0,46,90,0.6602757535858196,0.5662798134816555,0.5662798134816555,-14.235861243380787,-14.235861243380787,False,False,0.5159473419189453,0.7429384394828284,0.8518328844440893
TaTS,Agriculture,10,2027,1.0,63,92,0.6602757535858196,0.5666969038637799,0.5666969038637799,-14.172692123530584,-14.172692123530584,False,False,0.5125823020935059,0.7445300496588187,0.8528337273543664
TaTS,Agriculture,10,2028,1.0,44,72,0.6602757535858196,0.5682817999604179,0.5682817999604179,-13.93265664016916,-13.93265664016916,False,False,0.5101046562194824,0.7479198907087257,0.854937286117498
MM-TSFlib,Agriculture,10,2026,1.0,46,90,3.1341403583348333,2.462516994805278,2.462516994805278,-21.42926885017965,-21.42926885017965,False,False,0.5190368890762329,0.7866723964398992,0.883103158968665
MM-TSFlib,Agriculture,10,2027,1.0,63,92,3.1341403583348333,2.466754261631291,2.466754261631291,-21.294071751723454,-21.294071751723454,False,False,0.517123818397522,0.7880049425017149,0.8838742171228223
MM-TSFlib,Agriculture,10,2028,1.0,44,72,3.1341403583348333,2.474274212725894,2.474274212725894,-21.054135110896112,-21.054135110896112,False,False,0.50929856300354,0.7911102065015747,0.8857317534167966
SpecTF,Agriculture,10,2026,0.25,46,90,0.3745156939748262,0.35621944134033284,0.333335925184986,-4.885309996040698,-10.995472139709095,False,False,0.5161356925964355,1.2146117726684353,0.9970004883479834
SpecTF,Agriculture,10,2027,0.25,63,92,0.3745156939748262,0.3564058715070112,0.33322761956189256,-4.835530996207682,-11.02439098739315,False,False,0.5127987861633301,1.2131161974801725,0.9965420683846683
SpecTF,Agriculture,10,2028,0.25,44,72,0.3745156939748262,0.35615121790261683,0.3331007058912707,-4.9035264389864945,-11.058278397897869,False,False,0.5101222991943359,1.2102104994403988,0.9961116438452925
CFA,Agriculture,10,2026,0.0,46,90,0.29576657031370107,0.29576657031370107,0.2671655742188895,0.0,-9.670124674494584,True,False,0.516106128692627,1.4235206360540267,1.1197225817828511
CFA,Agriculture,10,2027,0.0,63,92,0.29576657031370107,0.29576657031370107,0.26721977688133747,0.0,-9.651798511943321,True,False,0.5128121376037598,1.4206426875707594,1.1175965086036608
CFA,Agriculture,10,2028,0.0,44,72,0.29576657031370107,0.29576657031370107,0.26732396189386787,0.0,-9.616573093323533,True,False,0.5101528167724609,1.4209665254761408,1.1200094250133432
Aurora,Agriculture,10,2026,1.0,46,90,1.0489926219606276,0.7306374784869806,0.7306374784869806,-30.34865420489068,-30.34865420489068,False,False,0.5167942047119141,0.6402070285296803,0.7784040310953496
Aurora,Agriculture,10,2027,1.0,63,92,1.0489926219606276,0.7326292868165403,0.7326292868165403,-30.15877600290324,-30.15877600290324,False,False,0.5145998001098633,0.6418229697327849,0.7798478043551607
Aurora,Agriculture,10,2028,1.0,44,72,1.0489926219606276,0.7346074636570269,0.7346074636570269,-29.97019728470509,-29.97019728470509,False,False,0.5093860626220703,0.6437768503555128,0.781738451851409
TaTS,Agriculture,12,2026,1.0,87,131,0.8091895099223382,0.6964705950700806,0.6964705950700806,-13.929853695591754,-13.929853695591754,False,False,0.5000114440917969,0.7773082843798023,0.8788554893375611
TaTS,Agriculture,12,2027,1.0,107,127,0.8091895099223382,0.6859322708906506,0.6859322708906506,-15.232184490814415,-15.232184490814415,False,False,0.5093207359313965,0.7632785476324254,0.8705784968634561
TaTS,Agriculture,12,2028,1.0,89,125,0.8091895099223382,0.6917600476579172,0.6917600476579172,-14.511985242578252,-14.511985242578252,False,False,0.5065627098083496,0.7698108382685591,0.8745205378405471
MM-TSFlib,Agriculture,12,2026,1.0,87,131,3.444487867309843,2.816995175492328,2.816995175492328,-18.21730010353002,-18.21730010353002,False,False,0.5033398866653442,0.8193395894342599,0.9013728564434986
MM-TSFlib,Agriculture,12,2027,1.0,107,127,3.444487867309843,2.7841591550964964,2.7841591550964964,-19.170591903668566,-19.170591903668566,False,False,0.5111392736434937,0.8095839652511219,0.8946915977104694
MM-TSFlib,Agriculture,12,2028,1.0,89,125,3.444487867309843,2.7963726696186217,2.7963726696186217,-18.816010468267418,-18.816010468267418,False,False,0.5051943063735962,0.814305859624232,0.8977676622395138
SpecTF,Agriculture,12,2026,0.0,87,131,0.35785318025578033,0.35785318025578033,0.35126407213064215,0.0,-1.8412881283962679,True,False,0.5006580352783203,1.7132988504662097,1.3335945657190535
SpecTF,Agriculture,12,2027,0.0,107,127,0.35785318025578033,0.35785318025578033,0.35249736381276253,0.0,-1.4966519060106376,True,False,0.5093841552734375,1.7367675051476517,1.3440080840748767
SpecTF,Agriculture,12,2028,0.0,89,125,0.35785318025578033,0.35785318025578033,0.3519677717423414,0.0,-1.6446433448578768,True,False,0.5065159797668457,1.7402506416701962,1.3455257963090734
CFA,Agriculture,12,2026,0.5,87,131,0.37551116732851375,0.3344333285591859,0.3111799846378842,-10.939179002735532,-17.13162970579508,False,False,0.5011558532714844,1.0935401590096183,0.9615164631485967
CFA,Agriculture,12,2027,0.5,107,127,0.37551116732851375,0.3343038797889397,0.31121870129649787,-10.973651684644592,-17.12131931772085,False,False,0.5093708038330078,1.1029437685217331,0.9600676148177689
CFA,Agriculture,12,2028,0.5,89,125,0.37551116732851375,0.3336525493180469,0.3101284448272788,-11.147103375982182,-17.41165861095024,False,False,0.5064535140991211,1.1009885816009293,0.9597973515291367
Aurora,Agriculture,12,2026,1.0,87,131,1.0627157999916093,0.779532884103909,0.779532884103909,-26.647097548557774,-26.647097548557774,False,False,0.5029237270355225,0.628656943027917,0.7781313049474072
Aurora,Agriculture,12,2027,1.0,107,127,1.0627157999916093,0.7652485721186092,0.7652485721186092,-27.991230381193986,-27.991230381193986,False,False,0.5084266662597656,0.6082761828655938,0.7610110428347325
Aurora,Agriculture,12,2028,1.0,89,125,1.0627157999916093,0.7700186580291436,0.7700186580291436,-27.542372284742235,-27.542372284742235,False,False,0.5056564807891846,0.6157432878154624,0.767622434049876
TaTS,Climate,6,2026,0.0,0,32,1.1433486550950163,1.1433486550950163,1.1433486553128849,0.0,1.9055312883153874e-08,True,False,1.4901161193847656e-08,1.0000000008629706,1.0000000002364045
TaTS,Climate,6,2027,0.0,0,32,1.1433486550950163,1.1433486550950163,1.1433486553128849,0.0,1.9055312883153874e-08,True,False,1.4901161193847656e-08,1.0000000008629706,1.0000000002364045
TaTS,Climate,6,2028,0.0,0,32,1.1433486550950163,1.1433486550950163,1.1433486553128849,0.0,1.9055312883153874e-08,True,False,1.4901161193847656e-08,1.0000000008629706,1.0000000002364045
MM-TSFlib,Climate,6,2026,0.0,0,32,1.1941477400109357,1.1941477400109357,1.1941477409352586,0.0,7.740439400549803e-08,True,False,1.4901161193847656e-08,1.0000000005446061,1.000000000554663
MM-TSFlib,Climate,6,2027,0.0,0,32,1.1941477400109357,1.1941477400109357,1.1941477409352586,0.0,7.740439400549803e-08,True,False,1.4901161193847656e-08,1.0000000005446061,1.000000000554663
MM-TSFlib,Climate,6,2028,0.0,0,32,1.1941477400109357,1.1941477400109357,1.1941477409352586,0.0,7.740439400549803e-08,True,False,1.4901161193847656e-08,1.0000000005446061,1.000000000554663
SpecTF,Climate,6,2026,0.25,0,32,1.0572414052259043,1.0572414052328372,1.057241405061904,6.55764331725095e-10,-1.5512102713444165e-08,False,False,1.4901161193847656e-08,1.0000000005933414,1.0000000002071998
SpecTF,Climate,6,2027,0.25,0,32,1.0572414052259043,1.0572414052328372,1.057241405061904,6.55764331725095e-10,-1.5512102713444165e-08,False,False,1.4901161193847656e-08,1.0000000005933414,1.0000000002071998
SpecTF,Climate,6,2028,0.25,0,32,1.0572414052259043,1.0572414052328372,1.057241405061904,6.55764331725095e-10,-1.5512102713444165e-08,False,False,1.4901161193847656e-08,1.0000000005933414,1.0000000002071998
CFA,Climate,6,2026,0.5,0,32,1.2072524518723515,1.207252451827332,1.2072524516805254,-3.7290948107226995e-09,-1.58894786217445e-08,False,False,1.4901161193847656e-08,1.0000000001160572,0.999999999745628
CFA,Climate,6,2027,0.5,0,32,1.2072524518723515,1.207252451827332,1.2072524516805254,-3.7290948107226995e-09,-1.58894786217445e-08,False,False,1.4901161193847656e-08,1.0000000001160572,0.999999999745628
CFA,Climate,6,2028,0.5,0,32,1.2072524518723515,1.207252451827332,1.2072524516805254,-3.7290948107226995e-09,-1.58894786217445e-08,False,False,1.4901161193847656e-08,1.0000000001160572,0.999999999745628
Aurora,Climate,6,2026,0.25,0,32,1.1349327105336318,1.1349327105976588,1.1349327102024143,5.6414872773302704e-09,-2.9183888639039424e-08,False,False,1.4901161193847656e-08,1.0000000003521174,1.0000000002877572
Aurora,Climate,6,2027,0.25,0,32,1.1349327105336318,1.1349327105976588,1.1349327102024143,5.6414872773302704e-09,-2.9183888639039424e-08,False,False,1.4901161193847656e-08,1.0000000003521174,1.0000000002877572
Aurora,Climate,6,2028,0.25,0,32,1.1349327105336318,1.1349327105976588,1.1349327102024143,5.6414872773302704e-09,-2.9183888639039424e-08,False,False,1.4901161193847656e-08,1.0000000003521174,1.0000000002877572
TaTS,Climate,8,2026,0.75,0,32,1.1675973042594807,1.1675973043756265,1.1675973043778383,9.947420664957463e-09,1.0136846917419007e-08,False,False,7.450580596923828e-09,0.9999999995903791,0.999999999927726
TaTS,Climate,8,2027,0.75,0,32,1.1675973042594807,1.1675973043756265,1.1675973043778383,9.947420664957463e-09,1.0136846917419007e-08,False,False,7.450580596923828e-09,0.9999999995903791,0.999999999927726
TaTS,Climate,8,2028,0.75,0,32,1.1675973042594807,1.1675973043756265,1.1675973043778383,9.947420664957463e-09,1.0136846917419007e-08,False,False,7.450580596923828e-09,0.9999999995903791,0.999999999927726
MM-TSFlib,Climate,8,2026,0.5,0,32,1.3202855790609833,1.3202855790648724,1.3202855791888068,2.9456437289354653e-10,9.681500046099245e-09,False,False,7.450580596923828e-09,0.9999999999160467,0.9999999999353406
MM-TSFlib,Climate,8,2027,0.5,0,32,1.3202855790609833,1.3202855790648724,1.3202855791888068,2.9456437289354653e-10,9.681500046099245e-09,False,False,7.450580596923828e-09,0.9999999999160467,0.9999999999353406
MM-TSFlib,Climate,8,2028,0.5,0,32,1.3202855790609833,1.3202855790648724,1.3202855791888068,2.9456437289354653e-10,9.681500046099245e-09,False,False,7.450580596923828e-09,0.9999999999160467,0.9999999999353406
SpecTF,Climate,8,2026,0.0,0,32,1.07353160690252,1.07353160690252,1.0735316069655532,0.0,5.871569896953588e-09,True,False,7.450580596923828e-09,1.000000000312139,1.0000000003046117
SpecTF,Climate,8,2027,0.0,0,32,1.07353160690252,1.07353160690252,1.0735316069655532,0.0,5.871569896953588e-09,True,False,7.450580596923828e-09,1.000000000312139,1.0000000003046117
SpecTF,Climate,8,2028,0.0,0,32,1.07353160690252,1.07353160690252,1.0735316069655532,0.0,5.871569896953588e-09,True,False,7.450580596923828e-09,1.000000000312139,1.0000000003046117
CFA,Climate,8,2026,0.0,0,32,1.1615048166871749,1.1615048166871749,1.1615048167783644,0.0,7.85098652755778e-09,True,False,7.450580596923828e-09,0.9999999995358458,1.0000000000113793
CFA,Climate,8,2027,0.0,0,32,1.1615048166871749,1.1615048166871749,1.1615048167783644,0.0,7.85098652755778e-09,True,False,7.450580596923828e-09,0.9999999995358458,1.0000000000113793
CFA,Climate,8,2028,0.0,0,32,1.1615048166871749,1.1615048166871749,1.1615048167783644,0.0,7.85098652755778e-09,True,False,7.450580596923828e-09,0.9999999995358458,1.0000000000113793
Aurora,Climate,8,2026,0.0,0,32,1.1448523384243392,1.1448523384243392,1.144852338344318,0.0,-6.989642198362844e-09,True,False,7.450580596923828e-09,1.0000000001592493,1.0000000001908784
Aurora,Climate,8,2027,0.0,0,32,1.1448523384243392,1.1448523384243392,1.144852338344318,0.0,-6.989642198362844e-09,True,False,7.450580596923828e-09,1.0000000001592493,1.0000000001908784
Aurora,Climate,8,2028,0.0,0,32,1.1448523384243392,1.1448523384243392,1.144852338344318,0.0,-6.989642198362844e-09,True,False,7.450580596923828e-09,1.0000000001592493,1.0000000001908784
TaTS,Climate,10,2026,0.75,0,32,1.1619446589645592,1.1619446589774514,1.1619446589995912,1.109534686349889e-09,3.0149438501325676e-09,False,False,1.4901161193847656e-08,0.9999999999870383,0.9999999996638477
TaTS,Climate,10,2027,0.75,0,32,1.1619446589645592,1.1619446589774514,1.1619446589995912,1.109534686349889e-09,3.0149438501325676e-09,False,False,1.4901161193847656e-08,0.9999999999870383,0.9999999996638477
TaTS,Climate,10,2028,0.75,0,32,1.1619446589645592,1.1619446589774514,1.1619446589995912,1.109534686349889e-09,3.0149438501325676e-09,False,False,1.4901161193847656e-08,0.9999999999870383,0.9999999996638477
MM-TSFlib,Climate,10,2026,0.25,0,32,1.2405914477230617,1.2405914477497597,1.2405914476873654,2.152034106472911e-09,-2.877365012921018e-09,False,False,1.4901161193847656e-08,1.000000000522883,1.000000000447241
MM-TSFlib,Climate,10,2027,0.25,0,32,1.2405914477230617,1.2405914477497597,1.2405914476873654,2.152034106472911e-09,-2.877365012921018e-09,False,False,1.4901161193847656e-08,1.000000000522883,1.000000000447241
MM-TSFlib,Climate,10,2028,0.25,0,32,1.2405914477230617,1.2405914477497597,1.2405914476873654,2.152034106472911e-09,-2.877365012921018e-09,False,False,1.4901161193847656e-08,1.000000000522883,1.000000000447241
SpecTF,Climate,10,2026,0.0,0,32,1.1226732238917876,1.1226732238917876,1.122673223886854,0.0,-4.3944847760712946e-10,True,False,1.4901161193847656e-08,1.0000000005797094,1.0000000001662817
SpecTF,Climate,10,2027,0.0,0,32,1.1226732238917876,1.1226732238917876,1.122673223886854,0.0,-4.3944847760712946e-10,True,False,1.4901161193847656e-08,1.0000000005797094,1.0000000001662817
SpecTF,Climate,10,2028,0.0,0,32,1.1226732238917876,1.1226732238917876,1.122673223886854,0.0,-4.3944847760712946e-10,True,False,1.4901161193847656e-08,1.0000000005797094,1.0000000001662817
CFA,Climate,10,2026,0.25,0,32,1.0921057930035716,1.0921057930063105,1.0921057927416449,2.5079938126282286e-10,-2.398363729838593e-08,False,False,1.4901161193847656e-08,0.9999999999368849,1.0000000002211145
CFA,Climate,10,2027,0.25,0,32,1.0921057930035716,1.0921057930063105,1.0921057927416449,2.5079938126282286e-10,-2.398363729838593e-08,False,False,1.4901161193847656e-08,0.9999999999368849,1.0000000002211145
CFA,Climate,10,2028,0.25,0,32,1.0921057930035716,1.0921057930063105,1.0921057927416449,2.5079938126282286e-10,-2.398363729838593e-08,False,False,1.4901161193847656e-08,0.9999999999368849,1.0000000002211145
Aurora,Climate,10,2026,0.75,0,32,1.160987237939077,1.1609872381995572,1.1609872381682953,2.243607521990043e-08,1.974338470489556e-08,False,False,1.4901161193847656e-08,0.9999999995940796,0.9999999995969837
Aurora,Climate,10,2027,0.75,0,32,1.160987237939077,1.1609872381995572,1.1609872381682953,2.243607521990043e-08,1.974338470489556e-08,False,False,1.4901161193847656e-08,0.9999999995940796,0.9999999995969837
Aurora,Climate,10,2028,0.75,0,32,1.160987237939077,1.1609872381995572,1.1609872381682953,2.243607521990043e-08,1.974338470489556e-08,False,False,1.4901161193847656e-08,0.9999999995940796,0.9999999995969837
TaTS,Climate,12,2026,1.0,0,32,1.1409304660185637,1.1409304659432564,1.1409304659432564,-6.600520130461973e-09,-6.600520130461973e-09,False,False,1.4901161193847656e-08,0.9999999997871055,0.999999999805312
TaTS,Climate,12,2027,1.0,0,32,1.1409304660185637,1.1409304659432564,1.1409304659432564,-6.600520130461973e-09,-6.600520130461973e-09,False,False,1.4901161193847656e-08,0.9999999997871055,0.999999999805312
TaTS,Climate,12,2028,1.0,0,32,1.1409304660185637,1.1409304659432564,1.1409304659432564,-6.600520130461973e-09,-6.600520130461973e-09,False,False,1.4901161193847656e-08,0.9999999997871055,0.999999999805312
MM-TSFlib,Climate,12,2026,0.75,0,32,1.216266717246754,1.2162667169387846,1.2162667169268637,-2.5320878727086438e-08,-2.630100581768602e-08,False,False,1.4901161193847656e-08,0.999999999620572,0.9999999997608975
MM-TSFlib,Climate,12,2027,0.75,0,32,1.216266717246754,1.2162667169387846,1.2162667169268637,-2.5320878727086438e-08,-2.630100581768602e-08,False,False,1.4901161193847656e-08,0.999999999620572,0.9999999997608975
MM-TSFlib,Climate,12,2028,0.75,0,32,1.216266717246754,1.2162667169387846,1.2162667169268637,-2.5320878727086438e-08,-2.630100581768602e-08,False,False,1.4901161193847656e-08,0.999999999620572,0.9999999997608975
SpecTF,Climate,12,2026,0.0,0,32,1.1263081593985549,1.1263081593985549,1.1263081596553506,0.0,2.279976207830714e-08,True,False,1.4901161193847656e-08,1.0000000001163956,1.000000000111985
SpecTF,Climate,12,2027,0.0,0,32,1.1263081593985549,1.1263081593985549,1.1263081596553506,0.0,2.279976207830714e-08,True,False,1.4901161193847656e-08,1.0000000001163956,1.000000000111985
SpecTF,Climate,12,2028,0.0,0,32,1.1263081593985549,1.1263081593985549,1.1263081596553506,0.0,2.279976207830714e-08,True,False,1.4901161193847656e-08,1.0000000001163956,1.000000000111985
CFA,Climate,12,2026,0.5,0,32,1.116828027737457,1.1168280277392026,1.1168280276649847,1.5631940186722204e-10,-6.489109249940839e-09,False,False,1.4901161193847656e-08,1.0000000000117382,1.000000000137003
CFA,Climate,12,2027,0.5,0,32,1.116828027737457,1.1168280277392026,1.1168280276649847,1.5631940186722204e-10,-6.489109249940839e-09,False,False,1.4901161193847656e-08,1.0000000000117382,1.000000000137003
CFA,Climate,12,2028,0.5,0,32,1.116828027737457,1.1168280277392026,1.1168280276649847,1.5631940186722204e-10,-6.489109249940839e-09,False,False,1.4901161193847656e-08,1.0000000000117382,1.000000000137003
Aurora,Climate,12,2026,0.0,0,32,1.1706371855200317,1.1706371855200317,1.1706371855139366,0.0,-5.206723940887059e-10,True,False,1.4901161193847656e-08,0.9999999999512402,1.0000000000847071
Aurora,Climate,12,2027,0.0,0,32,1.1706371855200317,1.1706371855200317,1.1706371855139366,0.0,-5.206723940887059e-10,True,False,1.4901161193847656e-08,0.9999999999512402,1.0000000000847071
Aurora,Climate,12,2028,0.0,0,32,1.1706371855200317,1.1706371855200317,1.1706371855139366,0.0,-5.206723940887059e-10,True,False,1.4901161193847656e-08,0.9999999999512402,1.0000000000847071
TaTS,Economy,6,2026,1.0,75,104,0.16271074981363087,0.15874813486214076,0.15874813486214076,-2.4353737881663617,-2.4353737881663617,False,False,0.13648676872253418,0.9678164803594128,0.9837992435914316
TaTS,Economy,6,2027,1.0,84,104,0.16271074981363087,0.16000043838413733,0.16000043838413733,-1.6657236430893119,-1.6657236430893119,False,False,0.14078330993652344,0.9771244767657764,0.985625480910948
TaTS,Economy,6,2028,1.0,107,127,0.16271074981363087,0.1603312366421407,0.1603312366421407,-1.462419154367911,-1.462419154367911,False,False,0.1330571174621582,0.9749303050410767,0.9842652299935666
MM-TSFlib,Economy,6,2026,0.0,75,104,0.8565175914521214,0.8565175914521214,0.8287241960265915,0.0,-3.244929900203164,True,False,0.11079370975494385,1.0227282122182015,1.0096988037272465
MM-TSFlib,Economy,6,2027,0.0,84,104,0.8565175914521214,0.8565175914521214,0.8288887872683258,0.0,-3.2257135708041007,True,False,0.12201571464538574,1.0303189870851877,1.0111963752942636
MM-TSFlib,Economy,6,2028,0.0,107,127,0.8565175914521214,0.8565175914521214,0.8363601448717651,0.0,-2.3534188651259003,True,False,0.09879827499389648,1.02587326158863,1.0088464331437734
SpecTF,Economy,6,2026,0.0,75,104,0.15398558090161274,0.15398558090161274,0.1526296836312596,0.0,-0.8805352179172443,True,False,0.13637614250183105,0.9993125967618598,1.0127194352515279
SpecTF,Economy,6,2027,0.0,84,104,0.15398558090161274,0.15398558090161274,0.1536846484554828,0.0,-0.19542897741978704,True,False,0.1408071517944336,1.0049784638816812,1.009785549973816
SpecTF,Economy,6,2028,0.0,107,127,0.15398558090161274,0.15398558090161274,0.15346299907555888,0.0,-0.33937062353114333,True,False,0.13399291038513184,1.0025040391726532,1.0108612869921032
CFA,Economy,6,2026,0.5,75,104,0.17158745546126114,0.17096800092481443,0.17113235988875608,-0.3610138834342469,-0.26522659904343326,False,False,0.1338818073272705,1.004017394429542,0.9955980703656685
CFA,Economy,6,2027,0.0,84,104,0.17158745546126114,0.17158745546126114,0.1719860216419492,0.0,0.232281654632982,True,False,0.1350874900817871,1.0075314642042865,0.9988422794707299
CFA,Economy,6,2028,0.0,107,127,0.17158745546126114,0.17158745546126114,0.17243186540972885,0.0,0.4921163649159288,True,False,0.13329696655273438,1.0090322972871333,1.0013008621245072
Aurora,Economy,6,2026,0.0,75,104,0.276509449314873,0.276509449314873,0.27441811881978806,0.0,-0.7563323786101139,True,False,0.12125849723815918,1.0204942918818818,1.0214341054154092
Aurora,Economy,6,2027,0.0,84,104,0.276509449314873,0.276509449314873,0.2745345721606609,0.0,-0.714216877255136,True,False,0.11737823486328125,1.0150921948435898,1.0144005887524699
Aurora,Economy,6,2028,0.0,107,127,0.276509449314873,0.276509449314873,0.2759630168026028,0.0,-0.1976180248537962,True,False,0.12278580665588379,1.0148399340528123,1.016471829424562
TaTS,Economy,8,2026,1.0,104,152,0.17193530537689122,0.174906519820379,0.174906519820379,1.7281002508325427,1.7281002508325427,False,False,0.22767925262451172,0.7798416101744984,0.9203584054766374
TaTS,Economy,8,2027,1.0,265,302,0.17193530537689122,0.17089936558152446,0.17089936558152446,-0.6025172044193727,-0.6025172044193727,False,False,0.25724148750305176,0.8083160951465699,0.9290040238193856
TaTS,Economy,8,2028,1.0,204,224,0.17193530537689122,0.17730955405232304,0.17730955405232304,3.125738872334094,3.125738872334094,False,False,0.23478960990905762,0.7786910901742763,0.9228171358818462
MM-TSFlib,Economy,8,2026,0.75,104,152,0.9900096828286012,0.7995897138377156,0.7421794171974819,-19.234152179888596,-25.033115324996857,False,False,0.25200390815734863,0.9388303443725444,0.9790147493449088
MM-TSFlib,Economy,8,2027,0.75,265,302,0.9900096828286012,0.809573445240302,0.7548984667642704,-18.225704325715963,-23.748375409075194,False,False,0.24671125411987305,0.8950153469880557,0.9519056204897925
MM-TSFlib,Economy,8,2028,0.5,204,224,0.9900096828286012,0.8454906448860496,0.715632525432366,-14.597739845295221,-27.71459331713806,False,False,0.2705841064453125,0.958111373845483,0.9883247627004687
SpecTF,Economy,8,2026,1.0,104,152,0.20794032049325598,0.19733999969293098,0.19733999969293098,-5.09777073305453,-5.09777073305453,False,False,0.22448647022247314,0.74308710303048,0.8277711792321142
SpecTF,Economy,8,2027,1.0,265,302,0.20794032049325598,0.19940220476630527,0.19940220476630527,-4.106041438571129,-4.106041438571129,False,False,0.25730109214782715,0.7797812050432937,0.8435226044730859
SpecTF,Economy,8,2028,1.0,204,224,0.20794032049325598,0.19940907092464152,0.19940907092464152,-4.102739453501581,-4.102739453501581,False,False,0.23646783828735352,0.7417024277685266,0.8208978276805401
CFA,Economy,8,2026,1.0,104,152,0.19030338745728353,0.18443248266154166,0.18443248266154166,-3.0850238002514185,-3.0850238002514185,False,False,0.22683429718017578,0.822209310148644,0.8998860282411545
CFA,Economy,8,2027,1.0,265,302,0.19030338745728353,0.18426827924722097,0.18426827924722097,-3.1713088719543814,-3.1713088719543814,False,False,0.2566850185394287,0.8447627854742301,0.9098471073229553
CFA,Economy,8,2028,1.0,204,224,0.19030338745728353,0.1858802395157785,0.1858802395157785,-2.3242612759575176,-2.3242612759575176,False,False,0.23917746543884277,0.8295953683987172,0.9000807036696066
Aurora,Economy,8,2026,0.0,104,152,0.30134888800131915,0.30134888800131915,0.2740122817379083,0.0,-9.071414347907325,True,False,0.2314448356628418,1.082922502817977,1.0888765787309802
Aurora,Economy,8,2027,0.0,265,302,0.30134888800131915,0.30134888800131915,0.28644265347259035,0.0,-4.9465039103325115,True,False,0.23026657104492188,1.0789260873205193,1.0871826663114448
Aurora,Economy,8,2028,0.0,204,224,0.30134888800131915,0.30134888800131915,0.26611237127706244,0.0,-11.692930728220396,True,False,0.2394198179244995,1.1237543469899707,1.1034075902002076
TaTS,Economy,10,2026,0.25,67,87,0.18058548881660597,0.17697514632423303,0.1719374935803997,-1.9992428605597579,-4.78886498183072,False,False,0.21432924270629883,1.0206322324384707,1.0263993740828985
TaTS,Economy,10,2027,0.0,6,32,0.18058548881660597,0.18058548881660597,0.1775587927936963,0.0,-1.6760460891646956,True,False,0.09674286842346191,1.0165710606289537,1.0091725937098903
TaTS,Economy,10,2028,0.0,5,32,0.18058548881660597,0.18058548881660597,0.1755165270990219,0.0,-2.80695960168309,True,False,0.09151887893676758,1.026122347363195,1.0191718120204032
MM-TSFlib,Economy,10,2026,0.75,67,87,0.9352328334071817,0.8486949834506963,0.8217021919392861,-9.253080822795335,-12.139291672886188,False,False,0.1674501895904541,0.977158424561231,0.9903480911182125
MM-TSFlib,Economy,10,2027,1.0,6,32,0.9352328334071817,0.9018060761384203,0.9018060761384203,-3.5741642160897036,-3.5741642160897036,False,False,0.08611297607421875,0.9497405581160694,0.9643818964095996
MM-TSFlib,Economy,10,2028,1.0,5,32,0.9352328334071817,0.8767407213403822,0.8767407213403822,-6.254283423059981,-6.254283423059981,False,False,0.09593605995178223,0.9498657666795948,0.9674775859805456
SpecTF,Economy,10,2026,0.0,67,87,0.19822602470059905,0.19822602470059905,0.19831834960657116,0.0,0.04657557256246836,True,False,0.2131965160369873,1.1093542807377887,1.0654203882118358
SpecTF,Economy,10,2027,0.0,6,32,0.19822602470059905,0.19822602470059905,0.19761682397234281,0.0,-0.3073263105469515,True,False,0.0964510440826416,1.0422546747224608,1.0302440605330947
SpecTF,Economy,10,2028,0.0,5,32,0.19822602470059905,0.19822602470059905,0.19745439713380003,0.0,-0.3892665294400577,True,False,0.09137439727783203,1.065454205908124,1.041909666996519
CFA,Economy,10,2026,0.0,67,87,0.23586643317586922,0.23586643317586922,0.23350579445264522,0.0,-1.0008370803080036,True,False,0.21601128578186035,1.0388393088048322,1.0325128654011568
CFA,Economy,10,2027,0.0,6,32,0.23586643317586922,0.23586643317586922,0.23533044621555194,0.0,-0.22724172876165127,True,False,0.09896659851074219,1.019237357522999,1.0128067988207288
CFA,Economy,10,2028,0.0,5,32,0.23586643317586922,0.23586643317586922,0.23451065935715967,0.0,-0.5748057493618175,True,False,0.0911705493927002,1.0291124865907426,1.0199625614256418
Aurora,Economy,10,2026,0.0,67,87,0.31950637541484384,0.31950637541484384,0.30149495254171144,0.0,-5.637265563088234,True,False,0.20624852180480957,1.0904865043655352,1.090881973177139
Aurora,Economy,10,2027,0.0,6,32,0.31950637541484384,0.31950637541484384,0.31293421918517556,0.0,-2.0569718588979824,True,False,0.1052546501159668,1.0189877128796434,1.0329356440470745
Aurora,Economy,10,2028,0.0,5,32,0.31950637541484384,0.31950637541484384,0.30592284498524747,0.0,-4.251411387944815,True,False,0.09079813957214355,1.0242943968320404,1.038658148131513
TaTS,Economy,12,2026,0.0,73,93,0.20261828458814246,0.20261828458814246,0.2026786764949929,0.0,0.029805753697509374,True,False,0.25659632682800293,1.1374230595099075,1.1034774431815095
TaTS,Economy,12,2027,0.0,5,32,0.20261828458814246,0.20261828458814246,0.20492193071066173,0.0,1.1369389130906127,True,False,0.13380932807922363,1.051509738286754,1.040068067648423
TaTS,Economy,12,2028,0.0,4,32,0.20261828458814246,0.20261828458814246,0.20170501393382584,0.0,-0.45073457026497676,True,False,0.09810638427734375,1.053162290226838,1.039297647779714
MM-TSFlib,Economy,12,2026,0.25,73,93,0.9899457956350605,0.9615038664962876,0.8830734979084133,-2.8730794417412553,-10.795772677441139,False,False,0.22895419597625732,1.0393235068557283,1.0215143564748619
MM-TSFlib,Economy,12,2027,1.0,5,32,0.9899457956350605,0.9694403151397754,0.9694403151397754,-2.071374067721621,-2.071374067721621,False,False,0.11689591407775879,0.9561191327203482,0.9694370269730812
MM-TSFlib,Economy,12,2028,1.0,4,32,0.9899457956350605,0.9513653978043012,0.9513653978043012,-3.897223262209981,-3.897223262209981,False,False,0.06922900676727295,0.9615338956238842,0.9823970440369255
SpecTF,Economy,12,2026,0.0,73,93,0.22845241864998087,0.22845241864998087,0.23403532098144478,0.0,2.4437921753928338,True,False,0.25710272789001465,1.1884411041405512,1.1096809066662672
SpecTF,Economy,12,2027,0.0,5,32,0.22845241864998087,0.22845241864998087,0.2306497841231284,0.0,0.9618481984706717,True,False,0.1324923038482666,1.058535266481569,1.037720967694942
SpecTF,Economy,12,2028,0.0,4,32,0.22845241864998087,0.22845241864998087,0.22967851420738605,0.0,0.5366962471444525,True,False,0.09831023216247559,1.0678741383934334,1.0415693566607527
CFA,Economy,12,2026,0.0,73,93,0.23668466176642305,0.23668466176642305,0.22968872132882132,0.0,-2.95580642420582,True,False,0.2570810317993164,1.1127561683635165,1.068848507563418
CFA,Economy,12,2027,0.0,5,32,0.23668466176642305,0.23668466176642305,0.23511797251730407,0.0,-0.6619310425215019,True,False,0.1323554515838623,1.0253130755594024,1.0093499793884528
CFA,Economy,12,2028,0.0,4,32,0.23668466176642305,0.23668466176642305,0.23377083919849148,0.0,-1.2310990269437605,True,False,0.0996391773223877,1.0315725584061899,1.0133403149948605
Aurora,Economy,12,2026,0.0,73,93,0.3338778963764754,0.3338778963764754,0.3208627920676779,0.0,-3.898162906274538,True,False,0.2578279972076416,1.162560904114937,1.1209398135353
Aurora,Economy,12,2027,0.0,5,32,0.3338778963764754,0.3338778963764754,0.3325129677804287,0.0,-0.4088107092023896,True,False,0.13451910018920898,1.0293672159143228,1.0390639357576343
Aurora,Economy,12,2028,0.0,4,32,0.3338778963764754,0.3338778963764754,0.3259549928716381,0.0,-2.372994316432253,True,False,0.09155011177062988,1.0217460501048825,1.035736018597358
TaTS,Energy,12,2026,1.0,48,81,0.1838611601559035,0.16466167052974304,0.16466167052974304,-10.442384683029537,-10.442384683029537,False,False,0.21858060359954834,0.8815917871793336,0.8908578078902268
TaTS,Energy,12,2027,1.0,78,121,0.1838611601559035,0.17081461214189747,0.17081461214189747,-7.095869515314346,-7.095869515314346,False,False,0.22392356395721436,0.9551719414390263,0.9286846140505312
TaTS,Energy,12,2028,1.0,29,67,0.1838611601559035,0.1613628838007264,0.1613628838007264,-12.23655737628322,-12.23655737628322,False,False,0.22121727466583252,0.8400283460733818,0.86243274586783
MM-TSFlib,Energy,12,2026,0.0,48,81,0.1333271211084098,0.1333271211084098,0.1328090355862358,0.0,-0.3885822463328692,True,False,0.2229217290878296,1.0480454364194334,1.0346911974857793
MM-TSFlib,Energy,12,2027,0.0,78,121,0.1333271211084098,0.1333271211084098,0.13778448530374468,0.0,3.343178910846323,True,False,0.21435832977294922,1.0992846330971817,1.0509567625972431
MM-TSFlib,Energy,12,2028,1.0,29,67,0.1333271211084098,0.12390533999807682,0.12390533999807682,-7.06666508059679,-7.06666508059679,False,False,0.23753702640533447,0.9431851411769729,0.9793200298517976
SpecTF,Energy,12,2026,0.0,48,81,0.09577729990129709,0.09577729990129709,0.09817406736485905,0.0,2.502437911730593,True,False,0.2446610927581787,1.0736852604141318,1.0157497215122666
SpecTF,Energy,12,2027,0.0,78,121,0.09577729990129709,0.09577729990129709,0.09701740535607037,0.0,1.2947801368917933,True,False,0.1649169921875,1.0659506998521553,1.012206329705894
SpecTF,Energy,12,2028,1.0,29,67,0.09577729990129709,0.09716351035805709,0.09716351035805709,1.4473267237524512,1.4473267237524512,False,False,0.2113795280456543,0.9693917644679174,0.9623574602102215
CFA,Energy,12,2026,0.0,48,81,0.10983223824033,0.10983223824033,0.11441511143537704,0.0,4.172612038570134,True,False,0.2239370346069336,1.1955686622628596,1.1250781228190805
CFA,Energy,12,2027,0.0,78,121,0.10983223824033,0.10983223824033,0.11286270582801435,0.0,2.759178576560739,True,False,0.16312408447265625,1.1206230345426829,1.0797153808324638
CFA,Energy,12,2028,0.0,29,67,0.10983223824033,0.10983223824033,0.10997400093306388,0.0,0.1290720238475762,True,False,0.20160269737243652,1.0429412757679835,1.0282467933848152
Aurora,Energy,12,2026,1.0,48,81,0.2606396293829479,0.2252864769734184,0.2252864769734184,-13.563997345003298,-13.563997345003298,False,False,0.2272433042526245,0.9723509316301098,0.97958134829273
Aurora,Energy,12,2027,0.0,78,121,0.2606396293829479,0.2606396293829479,0.2379828266129087,0.0,-8.692769715671444,True,False,0.22832036018371582,1.0409048395208373,1.0133082696824018
Aurora,Energy,12,2028,1.0,29,67,0.2606396293829479,0.22158164948877354,0.22158164948877354,-14.985434097893046,-14.985434097893046,False,False,0.22690677642822266,0.901475271627125,0.9375391204582002
TaTS,Energy,24,2026,0.0,0,32,0.2679513517190791,0.2679513517190791,0.2679513517185551,0.0,-1.9554358132722882e-10,True,False,3.725290298461914e-09,1.0,1.0
TaTS,Energy,24,2027,0.0,0,32,0.2679513517190791,0.2679513517190791,0.2679513517185551,0.0,-1.9554358132722882e-10,True,False,3.725290298461914e-09,1.0,1.0
TaTS,Energy,24,2028,0.0,65,85,0.2679513517190791,0.2679513517190791,0.2597207168832659,0.0,-3.071689985144088,True,False,0.19205117225646973,1.0502960599756217,0.99073243412155
MM-TSFlib,Energy,24,2026,0.0,0,32,0.19196059548900862,0.19196059548900862,0.19196059548914934,0.0,7.329692408575283e-11,True,False,3.725290298461914e-09,1.0,1.0
MM-TSFlib,Energy,24,2027,0.0,0,32,0.19196059548900862,0.19196059548900862,0.19196059548914934,0.0,7.329692408575283e-11,True,False,3.725290298461914e-09,1.0,1.0
MM-TSFlib,Energy,24,2028,0.5,65,85,0.19196059548900862,0.1909959747216483,0.19187814795369754,-0.5025097806677481,-0.04295023939734355,False,False,0.1724088191986084,1.0272750043754886,0.9929081116732972
SpecTF,Energy,24,2026,0.0,0,32,0.2114401345279641,0.2114401345279641,0.21144013452867805,0.0,3.376632307094951e-10,True,False,3.725290298461914e-09,1.0,1.0
SpecTF,Energy,24,2027,0.0,0,32,0.2114401345279641,0.2114401345279641,0.21144013452867805,0.0,3.376632307094951e-10,True,False,3.725290298461914e-09,1.0,1.0
SpecTF,Energy,24,2028,0.0,65,85,0.2114401345279641,0.2114401345279641,0.20707003997752613,0.0,-2.0668235764199183,True,False,0.20782959461212158,1.0507006122290483,1.0294601067863625
CFA,Energy,24,2026,0.0,0,32,0.22252381884649639,0.22252381884649639,0.22252381884686795,0.0,1.6697754290362354e-10,True,False,3.725290298461914e-09,1.0,1.0
CFA,Energy,24,2027,0.0,0,32,0.22252381884649639,0.22252381884649639,0.22252381884686795,0.0,1.6697754290362354e-10,True,False,3.725290298461914e-09,1.0,1.0
CFA,Energy,24,2028,0.0,65,85,0.22252381884649639,0.22252381884649639,0.21179212727813157,0.0,-4.822715889020335,True,False,0.2259654998779297,1.0697843710463364,1.0297336781531734
Aurora,Energy,24,2026,0.0,0,32,0.3169472024030514,0.3169472024030514,0.31694720240362473,0.0,1.808775351719305e-10,True,False,3.725290298461914e-09,1.0,1.0
Aurora,Energy,24,2027,0.0,0,32,0.3169472024030514,0.3169472024030514,0.31694720240362473,0.0,1.808775351719305e-10,True,False,3.725290298461914e-09,1.0,1.0
Aurora,Energy,24,2028,0.0,65,85,0.3169472024030514,0.3169472024030514,0.30662830198052266,0.0,-3.2557158871547753,True,False,0.23084473609924316,1.0825905709631,1.044640563147526
TaTS,Energy,36,2026,0.0,0,32,0.36693449751565527,0.36693449751565527,0.36693449751548673,0.0,-4.5929926528742726e-11,True,False,3.725290298461914e-09,1.0,1.0
TaTS,Energy,36,2027,0.0,0,32,0.36693449751565527,0.36693449751565527,0.36693449751548673,0.0,-4.5929926528742726e-11,True,False,3.725290298461914e-09,1.0,1.0
TaTS,Energy,36,2028,0.0,0,32,0.36693449751565527,0.36693449751565527,0.36693449751548673,0.0,-4.5929926528742726e-11,True,False,3.725290298461914e-09,1.0,1.0
MM-TSFlib,Energy,36,2026,1.0,0,32,0.33496724056529875,0.3349672405660706,0.3349672405660706,2.30415686530705e-10,2.30415686530705e-10,False,False,3.725290298461914e-09,0.9999999999771444,0.9999999999937338
MM-TSFlib,Energy,36,2027,1.0,0,32,0.33496724056529875,0.3349672405660706,0.3349672405660706,2.30415686530705e-10,2.30415686530705e-10,False,False,3.725290298461914e-09,0.9999999999771444,0.9999999999937338
MM-TSFlib,Energy,36,2028,1.0,0,32,0.33496724056529875,0.3349672405660706,0.3349672405660706,2.30415686530705e-10,2.30415686530705e-10,False,False,3.725290298461914e-09,0.9999999999771444,0.9999999999937338
SpecTF,Energy,36,2026,0.0,0,32,0.3061597641637479,0.3061597641637479,0.3061597641606593,0.0,-1.0088152535558947e-09,True,False,3.725290298461914e-09,1.0,1.0
SpecTF,Energy,36,2027,0.0,0,32,0.3061597641637479,0.3061597641637479,0.3061597641606593,0.0,-1.0088152535558947e-09,True,False,3.725290298461914e-09,1.0,1.0
SpecTF,Energy,36,2028,0.0,0,32,0.3061597641637479,0.3061597641637479,0.3061597641606593,0.0,-1.0088152535558947e-09,True,False,3.725290298461914e-09,1.0,1.0
CFA,Energy,36,2026,0.0,0,32,0.3763866597826455,0.3763866597826455,0.37638665977968017,0.0,-7.878475649647498e-10,True,False,3.725290298461914e-09,1.0,1.0
CFA,Energy,36,2027,0.0,0,32,0.3763866597826455,0.3763866597826455,0.37638665977968017,0.0,-7.878475649647498e-10,True,False,3.725290298461914e-09,1.0,1.0
CFA,Energy,36,2028,0.0,0,32,0.3763866597826455,0.3763866597826455,0.37638665977968017,0.0,-7.878475649647498e-10,True,False,3.725290298461914e-09,1.0,1.0
Aurora,Energy,36,2026,0.0,0,32,0.3960474992539366,0.3960474992539366,0.39604749925304944,0.0,-2.2400969967861784e-10,True,False,3.725290298461914e-09,1.0,1.0
Aurora,Energy,36,2027,0.0,0,32,0.3960474992539366,0.3960474992539366,0.39604749925304944,0.0,-2.2400969967861784e-10,True,False,3.725290298461914e-09,1.0,1.0
Aurora,Energy,36,2028,0.0,0,32,0.3960474992539366,0.3960474992539366,0.39604749925304944,0.0,-2.2400969967861784e-10,True,False,3.725290298461914e-09,1.0,1.0
TaTS,Energy,48,2026,0.0,0,32,0.40905897884304065,0.40905897884304065,0.4090589788449864,0.0,4.756639526704021e-10,True,False,3.725290298461914e-09,1.0,1.0
TaTS,Energy,48,2027,0.0,0,32,0.40905897884304065,0.40905897884304065,0.4090589788449864,0.0,4.756639526704021e-10,True,False,3.725290298461914e-09,1.0,1.0
TaTS,Energy,48,2028,0.0,0,32,0.40905897884304065,0.40905897884304065,0.4090589788449864,0.0,4.756639526704021e-10,True,False,3.725290298461914e-09,1.0,1.0
MM-TSFlib,Energy,48,2026,0.0,0,32,0.47098583846107467,0.47098583846107467,0.47098583845545483,0.0,-1.193212195715887e-09,True,False,7.450580596923828e-09,1.0,1.0
MM-TSFlib,Energy,48,2027,0.0,0,32,0.47098583846107467,0.47098583846107467,0.47098583845545483,0.0,-1.193212195715887e-09,True,False,7.450580596923828e-09,1.0,1.0
MM-TSFlib,Energy,48,2028,0.0,0,32,0.47098583846107467,0.47098583846107467,0.47098583845545483,0.0,-1.193212195715887e-09,True,False,7.450580596923828e-09,1.0,1.0
SpecTF,Energy,48,2026,0.0,0,32,0.38158234209856173,0.38158234209856173,0.38158234211188724,0.0,3.492162115037445e-09,True,False,3.725290298461914e-09,1.0,1.0
SpecTF,Energy,48,2027,0.0,0,32,0.38158234209856173,0.38158234209856173,0.38158234211188724,0.0,3.492162115037445e-09,True,False,3.725290298461914e-09,1.0,1.0
SpecTF,Energy,48,2028,0.0,0,32,0.38158234209856173,0.38158234209856173,0.38158234211188724,0.0,3.492162115037445e-09,True,False,3.725290298461914e-09,1.0,1.0
CFA,Energy,48,2026,0.0,0,32,0.3953827732857235,0.3953827732857235,0.39538277329373706,0.0,2.0267787448347008e-09,True,False,3.725290298461914e-09,1.0,1.0
CFA,Energy,48,2027,0.0,0,32,0.3953827732857235,0.3953827732857235,0.39538277329373706,0.0,2.0267787448347008e-09,True,False,3.725290298461914e-09,1.0,1.0
CFA,Energy,48,2028,0.0,0,32,0.3953827732857235,0.3953827732857235,0.39538277329373706,0.0,2.0267787448347008e-09,True,False,3.725290298461914e-09,1.0,1.0
Aurora,Energy,48,2026,1.0,0,32,0.46755543911138164,0.46755543909884273,0.46755543909884273,-2.681799227133297e-09,-2.681799227133297e-09,False,False,3.725290298461914e-09,0.9999999999734757,0.999999999983489
Aurora,Energy,48,2027,1.0,0,32,0.46755543911138164,0.46755543909884273,0.46755543909884273,-2.681799227133297e-09,-2.681799227133297e-09,False,False,3.725290298461914e-09,0.9999999999734757,0.999999999983489
Aurora,Energy,48,2028,1.0,0,32,0.46755543911138164,0.46755543909884273,0.46755543909884273,-2.681799227133297e-09,-2.681799227133297e-09,False,False,3.725290298461914e-09,0.9999999999734757,0.999999999983489
TaTS,Environment,48,2026,1.0,2,32,0.30350716473810124,0.28142351443353203,0.28142351443353203,-7.276154526244993,-7.276154526244993,False,False,0.4095839262008667,0.8973175176407822,0.9303195497285728
TaTS,Environment,48,2027,1.0,1,32,0.30350716473810124,0.2853164320824951,0.2853164320824951,-5.993510127282531,-5.993510127282531,False,False,0.3051530718803406,0.9246553356278017,0.9480957237673725
TaTS,Environment,48,2028,1.0,2,32,0.30350716473810124,0.28412986043914407,0.28412986043914407,-6.384463548225627,-6.384463548225627,False,False,0.2944086194038391,0.9132539146310757,0.941674384876701
MM-TSFlib,Environment,48,2026,1.0,2,32,0.2959664750829076,0.2806902838360407,0.2806902838360407,-5.161460007451046,-5.161460007451046,False,False,0.39558473229408264,0.9150836920901141,0.9385858618007201
MM-TSFlib,Environment,48,2027,1.0,1,32,0.2959664750829076,0.28091398368445025,0.28091398368445025,-5.0858771738389486,-5.0858771738389486,False,False,0.2962762117385864,0.9287778876280206,0.9465730870644677
MM-TSFlib,Environment,48,2028,1.0,2,32,0.2959664750829076,0.28079839649908217,0.28079839649908217,-5.124931321892601,-5.124931321892601,False,False,0.2935815751552582,0.9260024023277041,0.9473746343675135
SpecTF,Environment,48,2026,1.0,2,32,0.3044369833193334,0.3005185987142365,0.3005185987142365,-1.2870921799230994,-1.2870921799230994,False,False,0.4489296078681946,0.9737007670640547,0.9735383713382382
SpecTF,Environment,48,2027,1.0,1,32,0.3044369833193334,0.2969525822305223,0.2969525822305223,-2.4584401695245006,-2.4584401695245006,False,False,0.3020189702510834,0.9795300952294625,0.9757678809195055
SpecTF,Environment,48,2028,1.0,2,32,0.3044369833193334,0.29863985548151845,0.29863985548151845,-1.9042127453135826,-1.9042127453135826,False,False,0.33011215925216675,0.9740197267055897,0.9748900483686861
CFA,Environment,48,2026,0.25,2,32,0.31664634101683053,0.3169009029300643,0.3236416978348017,0.08039313273486837,2.209201848190423,False,False,0.39201852679252625,1.0113696089605315,0.990367666593044
CFA,Environment,48,2027,0.5,1,32,0.31664634101683053,0.316630094690102,0.3188415258886616,-0.005130748290460563,0.6932607731331419,False,False,0.28104114532470703,1.0038891442263922,0.9841467720935693
CFA,Environment,48,2028,0.25,2,32,0.31664634101683053,0.31673624322919086,0.3203271835549644,0.0283919947003497,1.1624459408922316,False,False,0.29506486654281616,1.0067376979577831,0.9905370879873664
Aurora,Environment,48,2026,0.75,2,32,0.39488863757207215,0.3943370210311087,0.39626150168624635,-0.13968913979268693,0.3476585506777541,False,False,0.40145042538642883,0.9904805279886454,0.9867561388409866
Aurora,Environment,48,2027,1.0,1,32,0.39488863757207215,0.39293475965188357,0.39293475965188357,-0.49479213486662843,-0.49479213486662843,False,False,0.29194408655166626,0.9856611540440703,0.9830093149558955
Aurora,Environment,48,2028,1.0,2,32,0.39488863757207215,0.3939766473430606,0.3939766473430606,-0.23094871369782055,-0.23094871369782055,False,False,0.33562207221984863,0.9895648204568838,0.9873348850809758
TaTS,Environment,96,2026,1.0,2,32,0.2969700848024833,0.28251370648432395,0.28251370648432395,-4.867957770148601,-4.867957770148601,False,False,0.33582890033721924,0.9341038129215308,0.9608412290682273
TaTS,Environment,96,2027,1.0,2,32,0.2969700848024833,0.2822065437011449,0.2822065437011449,-4.971390000833842,-4.971390000833842,False,False,0.34953224658966064,0.9244379896282485,0.9514922190255499
TaTS,Environment,96,2028,1.0,2,32,0.2969700848024833,0.27713091293031694,0.27713091293031694,-6.680528742604341,-6.680528742604341,False,False,0.3664838969707489,0.9071461273748372,0.9398671846125422
MM-TSFlib,Environment,96,2026,1.0,2,32,0.3455599921922928,0.31442715820142975,0.31442715820142975,-9.009386125214004,-9.009386125214004,False,False,0.3349098563194275,0.9036675811864665,0.949478698769265
MM-TSFlib,Environment,96,2027,1.0,2,32,0.3455599921922928,0.3160538027442773,0.3160538027442773,-8.538659021498141,-8.538659021498141,False,False,0.35369741916656494,0.9033954859142815,0.9407782238196594
MM-TSFlib,Environment,96,2028,1.0,2,32,0.3455599921922928,0.3076087897730774,0.3076087897730774,-10.98252207335877,-10.98252207335877,False,False,0.3680778443813324,0.8806043036310502,0.9279409214650172
SpecTF,Environment,96,2026,0.75,2,32,0.32948764082452364,0.32977070249606827,0.33097162967418137,0.0859096477295207,0.4503928723833539,False,False,0.30459749698638916,0.9972588306632009,0.9969865356740536
SpecTF,Environment,96,2027,0.0,2,32,0.32948764082452364,0.32948764082452364,0.34132457017066925,0.0,3.5925260554612537,True,False,0.35291650891304016,1.0233769342347172,1.0111841936879005
SpecTF,Environment,96,2028,0.0,2,32,0.32948764082452364,0.32948764082452364,0.3398216266984915,0.0,3.1363804263211836,True,False,0.38438230752944946,1.0238949069381462,1.008828487968459
CFA,Environment,96,2026,0.75,2,32,0.3526177968230551,0.3546805899901973,0.35621565025007196,0.5849940603472437,1.0203266708124437,False,False,0.31523674726486206,0.9964425198484831,0.9959044582511463
CFA,Environment,96,2027,0.75,2,32,0.3526177968230551,0.3576328581165077,0.3608425347120134,1.4222371470289596,2.3324795183509828,False,False,0.34567952156066895,0.9973464625691807,0.9889927676990538
CFA,Environment,96,2028,0.75,2,32,0.3526177968230551,0.3575157794816295,0.3609116846100122,1.389034445425974,2.352089957365089,False,False,0.37258702516555786,0.9964351522547926,0.9858149377714406
Aurora,Environment,96,2026,0.5,2,32,0.43624974417127504,0.4345307202590623,0.43455355963711845,-0.3940458270017544,-0.38881043641154633,False,False,0.3221430778503418,0.9997511080142645,1.0002503922056634
Aurora,Environment,96,2027,1.0,2,32,0.43624974417127504,0.43189211109842307,0.43189211109842307,-0.9988849577734382,-0.9988849577734382,False,False,0.35896849632263184,0.9814606824569885,0.986193739470274
Aurora,Environment,96,2028,1.0,2,32,0.43624974417127504,0.4304605072855466,0.4304605072855466,-1.327046482680705,-1.327046482680705,False,False,0.34037554264068604,0.9818128862364358,0.9850561114543388
TaTS,Environment,192,2026,1.0,3,32,0.2819047584851865,0.2676520674060594,0.2676520674060594,-5.055853315748848,-5.055853315748848,False,False,0.37017709016799927,0.9119027437274166,0.9544259599970873
TaTS,Environment,192,2027,1.0,3,32,0.2819047584851865,0.2621163681628357,0.2621163681628357,-7.019530435982569,-7.019530435982569,False,False,0.3120270371437073,0.8939009650881687,0.9384701758181291
TaTS,Environment,192,2028,1.0,3,32,0.2819047584851865,0.2704430812637297,0.2704430812637297,-4.065797712335916,-4.065797712335916,False,False,0.438417911529541,0.9076631204188297,0.9566186948283203
MM-TSFlib,Environment,192,2026,1.0,3,32,0.42423353678534087,0.3676818549494645,0.3676818549494645,-13.33031854680813,-13.33031854680813,False,False,0.393840491771698,0.8656071490291793,0.9359083338480184
MM-TSFlib,Environment,192,2027,1.0,3,32,0.42423353678534087,0.3589295036917741,0.3589295036917741,-15.393415991675862,-15.393415991675862,False,False,0.3850151300430298,0.8444022201591452,0.91326056705257
MM-TSFlib,Environment,192,2028,1.0,3,32,0.42423353678534087,0.3727095256318021,0.3727095256318021,-12.145199916056981,-12.145199916056981,False,False,0.41945382952690125,0.8641707403381096,0.9342250049421004
SpecTF,Environment,192,2026,1.0,3,32,0.30216117369346374,0.28841154633129445,0.28841154633129445,-4.550428234740044,-4.550428234740044,False,False,0.37697428464889526,0.8789135711313105,0.9217852883663774
SpecTF,Environment,192,2027,1.0,3,32,0.30216117369346374,0.29340230665195177,0.29340230665195177,-2.8987400778359595,-2.8987400778359595,False,False,0.3114964962005615,0.9099704677289652,0.9441829648165744
SpecTF,Environment,192,2028,1.0,3,32,0.30216117369346374,0.2856396401018857,0.2856396401018857,-5.4677883957184985,-5.4677883957184985,False,False,0.4499087333679199,0.8638159066492395,0.9141036735722505
CFA,Environment,192,2026,0.5,3,32,0.35717743889884374,0.3518203386998523,0.3510580298822068,-1.499842827561293,-1.7132686307127054,False,False,0.42442288994789124,0.9851965186361373,1.0032071489225591
CFA,Environment,192,2027,1.0,3,32,0.35717743889884374,0.35751214839305756,0.35751214839305756,0.09370958458230216,0.09370958458230216,False,False,0.4060949683189392,0.9893299512305681,0.9931988249718562
CFA,Environment,192,2028,1.0,3,32,0.35717743889884374,0.3507765480748545,0.3507765480748545,-1.792075905948265,-1.792075905948265,False,False,0.42740070819854736,0.9658362089621156,0.9913415036626947
Aurora,Environment,192,2026,0.0,3,32,0.42484130940291326,0.42484130940291326,0.4316839128666812,0.0,1.6106257353798226,True,False,0.44346657395362854,1.0224586896255556,1.018435602595508
Aurora,Environment,192,2027,0.75,3,32,0.42484130940291326,0.42370420983803464,0.4249179767991776,-0.26765277756928274,0.018046125592663387,False,False,0.36748966574668884,0.9908805816724826,0.9947210441269049
Aurora,Environment,192,2028,0.75,3,32,0.42484130940291326,0.4234844346620998,0.4246552947041432,-0.3193838995366183,-0.043784513100075806,False,False,0.4290674328804016,0.9919838945741755,1.0008408738491918
TaTS,Environment,336,2026,1.0,8,32,0.30331010279951987,0.2831758436078202,0.2831758436078202,-6.638176244662663,-6.638176244662663,False,False,0.5905492305755615,0.840739097781111,0.9100761657981993
TaTS,Environment,336,2027,1.0,9,58,0.30331010279951987,0.2904420569303631,0.2904420569303631,-4.242537835168047,-4.242537835168047,False,False,0.6172072887420654,0.8770822412899641,0.9343009087204769
TaTS,Environment,336,2028,1.0,5,58,0.30331010279951987,0.2757769540047543,0.2757769540047543,-9.077557437301797,-9.077557437301797,False,False,0.4031481146812439,0.8558103505067356,0.9135808381152616
MM-TSFlib,Environment,336,2026,1.0,8,32,0.4371093961378358,0.376952764302969,0.376952764302969,-13.762374445937864,-13.762374445937864,False,False,0.5597363114356995,0.8365500783834208,0.9083504934422812
MM-TSFlib,Environment,336,2027,1.0,9,58,0.4371093961378358,0.37916767566696497,0.37916767566696497,-13.255656589134446,-13.255656589134446,False,False,0.6050265431404114,0.8669199677139576,0.9311500564910622
MM-TSFlib,Environment,336,2028,1.0,5,58,0.4371093961378358,0.3847548841719156,0.3847548841719156,-11.97743915562295,-11.97743915562295,False,False,0.37614333629608154,0.8768820133280542,0.9303341095704117
SpecTF,Environment,336,2026,1.0,8,32,0.3039387794760955,0.3044744801061179,0.3044744801061179,0.17625280687965095,0.17625280687965095,False,False,0.5972689390182495,0.8906856715347871,0.9313947150413743
SpecTF,Environment,336,2027,0.75,9,58,0.3039387794760955,0.30276688619713177,0.3117322757011408,-0.3855688573151883,2.564166454336325,False,False,0.620119571685791,0.943591343521744,0.9654671380506091
SpecTF,Environment,336,2028,1.0,5,58,0.3039387794760955,0.29577701123670613,0.29577701123670613,-2.685332965230014,-2.685332965230014,False,False,0.41848790645599365,0.8913704011145837,0.9260287369164152
CFA,Environment,336,2026,0.25,8,32,0.3480183763147609,0.3475521254669977,0.36355582198111724,-0.13397305415318028,4.464547484786752,False,False,0.5868778228759766,1.0231311645146703,1.0252940758602296
CFA,Environment,336,2027,0.0,9,58,0.3480183763147609,0.3480183763147609,0.37178444627278284,0.0,6.828969840525612,True,False,0.6165761351585388,1.0857937536313118,1.0706320107687322
CFA,Environment,336,2028,0.75,5,58,0.3480183763147609,0.34785792996586734,0.34964421722628347,-0.046102838187045414,0.4671709950316183,False,False,0.39560890197753906,0.9862917297838134,0.993860318442667
Aurora,Environment,336,2026,0.0,8,32,0.4190524482224486,0.4190524482224486,0.4349245273842962,0.0,3.787611605462371,True,False,0.524050235748291,1.042081927406218,1.0310628248937834
Aurora,Environment,336,2027,0.0,9,58,0.4190524482224486,0.4190524482224486,0.44616268167346995,0.0,6.469412973487798,True,False,0.4984365403652191,1.0946767343279455,1.0676040235348623
Aurora,Environment,336,2028,0.5,5,58,0.4190524482224486,0.42114576112762153,0.42600021427436446,0.49953482292071083,1.6579705192958816,False,False,0.340958833694458,1.0008159672805659,1.003352188518235
TaTS,Health,12,2026,0.0,107,127,1.1624856639502126,1.1624856639502126,1.2900555839700258,0.0,10.97389189182094,True,False,0.9082334041595459,2.1960139756289676,1.5555458180312096
TaTS,Health,12,2027,0.0,94,114,1.1624856639502126,1.1624856639502126,1.2401912208948362,0.0,6.684431417465775,True,False,0.8316311836242676,1.8629702761901994,1.3975790824756547
TaTS,Health,12,2028,0.0,76,111,1.1624856639502126,1.1624856639502126,1.2647586692940451,0.0,8.797786374096116,True,False,0.8869175910949707,2.3985242415049175,1.6269096340222151
MM-TSFlib,Health,12,2026,0.0,107,127,1.1136970518834708,1.1136970518834708,1.0670716876837663,0.0,-4.18653924968665,True,False,0.9005866050720215,2.76974334251124,1.83404006918285
MM-TSFlib,Health,12,2027,0.0,94,114,1.1136970518834708,1.1136970518834708,1.0598469796123675,0.0,-4.835253193858479,True,False,0.822596549987793,2.1875577423387935,1.5833349527384029
MM-TSFlib,Health,12,2028,0.0,76,111,1.1136970518834708,1.1136970518834708,1.0468679023286456,0.0,-6.00065784872148,True,False,0.8799304962158203,3.3452865706369614,2.0379130228403683
SpecTF,Health,12,2026,0.0,107,127,1.4038450804546994,1.4038450804546994,1.429544436975798,0.0,1.8306404943752463,True,False,0.9098067283630371,1.5482210551689641,1.1205142121052656
SpecTF,Health,12,2027,0.0,94,114,1.4038450804546994,1.4038450804546994,1.3969770760724103,0.0,-0.4892280834908447,True,False,0.7824418544769287,1.4239531266577545,1.0774536574274776
SpecTF,Health,12,2028,0.0,76,111,1.4038450804546994,1.4038450804546994,1.4108064496108426,0.0,0.4958787300012091,True,False,0.8963956832885742,1.5234950766387765,1.1565986982891998
CFA,Health,12,2026,0.0,107,127,1.2511063849645137,1.2511063849645137,1.3436130393297139,0.0,7.393987871608854,True,False,0.9095180034637451,1.5353876303780074,1.127576278531149
CFA,Health,12,2027,0.0,94,114,1.2511063849645137,1.2511063849645137,1.3037495668727073,0.0,4.207730257062581,True,False,0.7672624588012695,1.3929757712123538,1.0774780370663886
CFA,Health,12,2028,0.0,76,111,1.2511063849645137,1.2511063849645137,1.333942676349788,0.0,6.621042972906244,True,False,0.8890974521636963,1.5326128768827771,1.161593233284794
Aurora,Health,12,2026,1.0,107,127,2.9515839192135953,2.4598880452797385,2.4598880452797385,-16.658712318261372,-16.658712318261372,False,False,0.8893330097198486,0.8095328899955373,0.9019294314382326
Aurora,Health,12,2027,1.0,94,114,2.9515839192135953,2.4355929253515622,2.4355929253515622,-17.481833753841258,-17.481833753841258,False,False,0.9616446495056152,0.7879522396684805,0.8582151826878279
Aurora,Health,12,2028,1.0,76,111,2.9515839192135953,2.355888447938174,2.355888447938174,-20.182230544003488,-20.182230544003488,False,False,0.900799036026001,0.7177733681690377,0.8345796275092514
TaTS,Health,24,2026,0.0,81,111,1.9588399705676387,1.9588399705676387,2.0161972581516188,0.0,2.9281252397233226,True,False,0.8243680000305176,1.3179281772215992,1.405835842290718
TaTS,Health,24,2027,0.0,82,106,1.9588399705676387,1.9588399705676387,1.9723533614674076,0.0,0.689867018378898,True,False,0.8624329566955566,1.2499951554912276,1.319805213600461
TaTS,Health,24,2028,0.0,95,115,1.9588399705676387,1.9588399705676387,1.9969359015133283,0.0,1.9448209919185055,True,False,0.8016819953918457,1.3147329682496491,1.399862173034404
MM-TSFlib,Health,24,2026,0.0,81,111,1.2781150498056244,1.2781150498056244,1.2640657758104485,0.0,-1.0992182587406751,True,False,0.8560128211975098,0.9664678831591618,1.200568173379565
MM-TSFlib,Health,24,2027,0.0,82,106,1.2781150498056244,1.2781150498056244,1.252497932032968,0.0,-2.004288876541449,True,False,0.8686192035675049,0.968756569925082,1.1897434419439896
MM-TSFlib,Health,24,2028,0.0,95,115,1.2781150498056244,1.2781150498056244,1.2698268060018196,0.0,-0.6484740012305812,True,False,0.8452403545379639,0.9878313064866164,1.2183440884844832
SpecTF,Health,24,2026,0.0,81,111,1.8081685181614635,1.8081685181614635,1.848420230968578,0.0,2.2261040607012728,True,False,0.8458437919616699,1.0191911376654808,1.2163136109951702
SpecTF,Health,24,2027,0.0,82,106,1.8081685181614635,1.8081685181614635,1.827384336456881,0.0,1.062722755230583,True,False,0.8683254718780518,0.9867801738391805,1.1647549930005308
SpecTF,Health,24,2028,0.0,95,115,1.8081685181614635,1.8081685181614635,1.848256573181445,0.0,2.2170530355623663,True,False,0.8261492252349854,1.0242620760721919,1.2144723015585939
CFA,Health,24,2026,0.0,81,111,2.2477706654605583,2.2477706654605583,2.254794083848067,0.0,0.3124615200043035,True,False,0.8455517292022705,1.132159153702827,1.2976179275307278
CFA,Health,24,2027,0.0,82,106,2.2477706654605583,2.2477706654605583,2.2294085636883882,0.0,-0.8169028119426769,True,False,0.8666744232177734,1.106790188625037,1.2538914358317845
CFA,Health,24,2028,0.0,95,115,2.2477706654605583,2.2477706654605583,2.2424735148403347,0.0,-0.23566241439217928,True,False,0.8157105445861816,1.135272308928059,1.2921329159095023
Aurora,Health,24,2026,1.0,81,111,3.68080986261969,3.222350806171819,3.222350806171819,-12.455385460241574,-12.455385460241574,False,False,0.8945436477661133,0.7775528833232117,0.884467364918774
Aurora,Health,24,2027,1.0,82,106,3.68080986261969,3.2035216816503613,3.2035216816503613,-12.966933875514975,-12.966933875514975,False,False,0.9977786540985107,0.7697708084393228,0.8812890432570692
Aurora,Health,24,2028,1.0,95,115,3.68080986261969,3.2144520045160965,3.2144520045160965,-12.669979583560432,-12.669979583560432,False,False,0.8836257457733154,0.7698376798893914,0.8813057665046286
TaTS,Health,36,2026,1.0,4,32,2.6637995198269984,2.7035538139988966,2.7035538139988966,1.4923906200899228,1.4923906200899228,False,False,0.46474766731262207,0.9847993272077402,0.9662698840431563
TaTS,Health,36,2027,1.0,5,32,2.6637995198269984,2.6958175505802378,2.6958175505802378,1.2019684858010082,1.2019684858010082,False,False,0.4965641498565674,0.9866591451908371,0.9681799478423043
TaTS,Health,36,2028,1.0,5,32,2.6637995198269984,2.724608668546746,2.724608668546746,2.2827974953496755,2.2827974953496755,False,False,0.4122738838195801,0.9893182271386357,0.9703603408665792
MM-TSFlib,Health,36,2026,0.0,4,32,1.3416884662270774,1.3416884662270774,1.321673294036033,0.0,-1.4917898375715,True,False,0.48278212547302246,0.9884481782134938,1.0612744308287068
MM-TSFlib,Health,36,2027,0.0,5,32,1.3416884662270774,1.3416884662270774,1.31574404667971,0.0,-1.9337141371070343,True,False,0.5149962902069092,0.9610076591631225,1.0259040191186828
MM-TSFlib,Health,36,2028,0.0,5,32,1.3416884662270774,1.3416884662270774,1.3184073388629372,0.0,-1.7352111127263647,True,False,0.3931717872619629,0.9933202862695184,1.070149702683118
SpecTF,Health,36,2026,0.0,4,32,1.9760118218181606,1.9760118218181606,2.014637141666922,0.0,1.9547109699587617,True,False,0.46296072006225586,1.0262928342073008,1.058873121833539
SpecTF,Health,36,2027,0.0,5,32,1.9760118218181606,1.9760118218181606,2.0006232113822096,0.0,1.2455082146929364,True,False,0.4980504512786865,1.0200102478419586,1.0479903545376095
SpecTF,Health,36,2028,0.0,5,32,1.9760118218181606,1.9760118218181606,2.0127109581786145,0.0,1.8572326316695031,True,False,0.4151301383972168,1.0044402451373522,1.0280187414197985
CFA,Health,36,2026,0.0,4,32,3.2615469383600995,3.2615469383600995,3.341572429483942,0.0,2.4536053791725854,True,False,0.47006940841674805,1.0252657112321295,1.0431739480497961
CFA,Health,36,2027,0.0,5,32,3.2615469383600995,3.2615469383600995,3.321445160890838,0.0,1.8364973327918976,True,False,0.4902791976928711,1.0237633359564093,1.0286127396950027
CFA,Health,36,2028,0.0,5,32,3.2615469383600995,3.2615469383600995,3.361611051227823,0.0,3.067995486768482,True,False,0.41214466094970703,1.0259461376932555,1.0357913983506206
Aurora,Health,36,2026,0.0,4,32,3.2140425584838486,3.2140425584838486,3.2509564891203455,0.0,1.1485202813839024,True,False,0.49198591709136963,1.0162227082695137,1.0174997297617276
Aurora,Health,36,2027,0.0,5,32,3.2140425584838486,3.2140425584838486,3.2387765948772347,0.0,0.7695615706175829,True,False,0.5166908502578735,1.0083529980971568,1.010793391924955
Aurora,Health,36,2028,0.0,5,32,3.2140425584838486,3.2140425584838486,3.2613861480144335,0.0,1.473023106231608,True,False,0.4106861352920532,1.034629040041913,1.0266428967239634
TaTS,Health,48,2026,0.25,60,80,2.4391529485784003,2.4304768377239827,2.4776544299186467,-0.35570179637460786,1.5784775351084912,False,False,0.990067720413208,1.021897183788396,1.0665692268352327
TaTS,Health,48,2027,0.0,0,32,2.4391529485784003,2.4391529485784003,2.4391529485089603,0.0,-2.8468893908950577e-09,True,False,1.4901161193847656e-08,1.0000000000518035,1.0000000001954519
TaTS,Health,48,2028,0.25,20,40,2.4391529485784003,2.430979374709749,2.48171393621259,-0.3350988659163501,1.7449085207631443,False,False,0.9573369026184082,1.0405021158859826,1.065980445820099
MM-TSFlib,Health,48,2026,0.25,60,80,1.5206820696563101,1.4705037390417708,1.3991081286997722,-3.299725275637677,-7.994698128058742,False,False,0.9829633235931396,1.0049885943763595,1.053298429131504
MM-TSFlib,Health,48,2027,1.0,0,32,1.5206820696563101,1.5206820695504868,1.5206820695504868,-6.958944531731959e-09,-6.958944531731959e-09,False,False,2.9802322387695312e-08,0.9999999999074265,0.9999999999057728
MM-TSFlib,Health,48,2028,0.0,20,40,1.5206820696563101,1.5206820696563101,1.436452979792165,0.0,-5.538902019353841,True,False,0.9488157033920288,1.073296169535512,1.0952789705385133
SpecTF,Health,48,2026,0.0,60,80,1.8182009804632497,1.8182009804632497,2.0087764723551293,0.0,10.481541586416032,True,False,0.9910030364990234,1.0311680856564456,1.0671031862631999
SpecTF,Health,48,2027,0.25,0,32,1.8182009804632497,1.818200980457099,1.818200980429958,-3.382849556032852e-10,-1.8310353233630394e-09,False,False,2.9802322387695312e-08,0.9999999999992781,1.000000000059431
SpecTF,Health,48,2028,0.0,20,40,1.8182009804632497,1.8182009804632497,2.024563258917714,0.0,11.349805696501525,True,False,0.9569225311279297,1.0470525718149923,1.0684176599063344
CFA,Health,48,2026,0.0,60,80,2.4862368313012446,2.4862368313012446,2.7334042039884436,0.0,9.941425111856162,True,False,0.9877395629882812,1.0337013527006347,1.0983104448633965
CFA,Health,48,2027,0.0,0,32,2.4862368313012446,2.4862368313012446,2.486236831352299,0.0,2.0534685063466895e-09,True,False,2.9802322387695312e-08,1.0000000000110294,1.0000000000065206
CFA,Health,48,2028,0.0,20,40,2.4862368313012446,2.4862368313012446,2.717605756022111,0.0,9.305988947150002,True,False,0.9593706130981445,1.038203177737968,1.1064557802084536
Aurora,Health,48,2026,0.0,60,80,3.04441356828496,3.04441356828496,3.107018254569632,0.0,2.056379164015487,True,False,0.9790042638778687,1.045894828441395,1.052453770925197
Aurora,Health,48,2027,0.0,0,32,3.04441356828496,3.04441356828496,3.0444135682493982,0.0,-1.168098950898866e-09,True,False,2.9802322387695312e-08,1.000000000007326,1.0000000000677947
Aurora,Health,48,2028,0.0,20,40,3.04441356828496,3.04441356828496,3.1229458282339713,0.0,2.5795529479673007,True,False,0.9509865045547485,1.0633454541429548,1.0681507681352918
TaTS,Security,6,2026,0.0,79,99,72.6991374139132,72.6991374139132,79.76909571345666,0.0,9.72495486334395,True,False,5.5149030685424805,1.4333225561063951,1.1618377110789575
TaTS,Security,6,2027,0.0,29,104,72.6991374139132,72.6991374139132,79.86617001742047,0.0,9.858483688330022,True,False,5.590723991394043,1.4198562276270035,1.1629379471157335
TaTS,Security,6,2028,0.0,37,90,72.6991374139132,72.6991374139132,80.57959078077486,0.0,10.839816877047959,True,False,5.518826484680176,1.451241301687748,1.17027222023477
MM-TSFlib,Security,6,2026,1.0,79,99,93.2256797838897,78.83306391848652,78.83306391848652,-15.438467060543083,-15.438467060543083,False,False,5.395924091339111,0.7451890014747321,0.8721011934608356
MM-TSFlib,Security,6,2027,1.0,29,104,93.2256797838897,78.68269104777153,78.68269104777153,-15.599766898810364,-15.599766898810364,False,False,5.5494890213012695,0.7413019152536824,0.8700334718076148
MM-TSFlib,Security,6,2028,1.0,37,90,93.2256797838897,78.79416258459277,78.79416258459277,-15.480195191658808,-15.480195191658808,False,False,5.468338966369629,0.7328208742623568,0.8663814021051833
SpecTF,Security,6,2026,0.0,79,99,67.14183396997961,67.14183396997961,74.38997830638068,0.0,10.795273092542956,True,False,5.522164821624756,1.1957645455441142,1.1182744243055338
SpecTF,Security,6,2027,0.0,29,104,67.14183396997961,67.14183396997961,74.54609539782167,0.0,11.027791452870716,True,False,5.601747989654541,1.1850549700003303,1.1115970027660382
SpecTF,Security,6,2028,0.0,37,90,67.14183396997961,67.14183396997961,75.07115942703086,0.0,11.80981362617619,True,False,5.523331165313721,1.2009044126506836,1.119785877418095
CFA,Security,6,2026,0.0,79,99,73.16995799985796,73.16995799985796,87.45560518247282,0.0,19.523924262253377,True,False,5.519871711730957,1.4304804521531467,1.1684777722392157
CFA,Security,6,2027,0.0,29,104,73.16995799985796,73.16995799985796,87.22351820382026,0.0,19.20673537080557,True,False,5.587040901184082,1.4117884125723368,1.1643032303731857
CFA,Security,6,2028,0.0,37,90,73.16995799985796,73.16995799985796,88.70420275778292,0.0,21.23035899235466,True,False,5.512795448303223,1.4440918279431478,1.172364372910693
Aurora,Security,6,2026,0.75,79,99,77.16228360015839,79.73768516061925,82.10296680950249,3.337643004198987,6.402976919327408,False,False,5.486758232116699,0.9410423740997561,0.9960984915056205
Aurora,Security,6,2027,0.75,29,104,77.16228360015839,79.52518534129146,81.82603944313352,3.0622496262256993,6.044087377120544,False,False,5.5874433517456055,0.9310336102819664,0.9892149196742019
Aurora,Security,6,2028,0.75,37,90,77.16228360015839,80.23062249375944,82.89744576332234,3.9764749699485957,7.4325977609508875,False,False,5.5131072998046875,0.9335265751986532,0.9922111899213293
TaTS,Security,8,2026,0.0,10,32,72.97911949508219,72.97911949508219,79.63294434237166,0.0,9.117436457612849,True,False,3.3609275817871094,1.1846030858187426,1.0913708673025757
TaTS,Security,8,2027,0.0,72,92,72.97911949508219,72.97911949508219,81.64397494191657,0.0,11.873061098549265,True,False,4.535956859588623,1.2657331707460449,1.1381534580549078
TaTS,Security,8,2028,0.0,16,36,72.97911949508219,72.97911949508219,82.74207131576301,0.0,13.37773309438013,True,False,4.684332847595215,1.2638504433723006,1.138010192523759
MM-TSFlib,Security,8,2026,1.0,10,32,96.53889005739344,91.95815884168572,91.95815884168572,-4.744959480044186,-4.744959480044186,False,False,3.322354316711426,0.9362230583928476,0.9623210033448979
MM-TSFlib,Security,8,2027,0.5,72,92,96.53889005739344,94.26847332654643,94.27104847134585,-2.3518156563611115,-2.349148187532857,False,False,4.5066914558410645,1.0304225577106794,1.0112168779561386
MM-TSFlib,Security,8,2028,0.5,16,36,96.53889005739344,93.8266588350161,93.75115655112229,-2.8094700703155895,-2.8876792602585466,False,False,4.604592800140381,0.9963588033890948,1.00029122720874
SpecTF,Security,8,2026,0.0,10,32,70.6990198622295,70.6990198622295,74.85953974037156,0.0,5.8848338863107585,True,False,3.3437952995300293,1.0679902641442849,1.0981503253926466
SpecTF,Security,8,2027,0.0,72,92,70.6990198622295,70.6990198622295,77.18447600792967,0.0,9.173332470999341,True,False,4.514644622802734,1.1753852898348645,1.1536848435445735
SpecTF,Security,8,2028,0.0,16,36,70.6990198622295,70.6990198622295,77.82882502227594,0.0,10.084729850484786,True,False,4.659793853759766,1.1535894846259702,1.1477769921821297
CFA,Security,8,2026,0.0,10,32,91.43265867362122,91.43265867362122,101.5313947554641,0.0,11.044998831206932,True,False,3.3484649658203125,1.2672747892605207,1.1150077101470557
CFA,Security,8,2027,0.0,72,92,91.43265867362122,91.43265867362122,102.92870242096737,0.0,12.573235771675995,True,False,4.758337020874023,1.3430987795796843,1.1525162623771503
CFA,Security,8,2028,0.0,16,36,91.43265867362122,91.43265867362122,105.2123749463449,0.0,15.070890940524716,True,False,4.691662311553955,1.373073649829361,1.164396383999572
Aurora,Security,8,2026,0.25,10,32,81.18467338330083,81.71804462297989,85.65149855507049,0.6569851394989668,5.502054742131235,False,False,3.3212058544158936,1.0219606986613372,1.010021308924186
Aurora,Security,8,2027,0.0,72,92,81.18467338330083,81.18467338330083,87.82626117209855,0.0,8.180839451604971,True,False,4.6048431396484375,1.1028046266186937,1.060546220590862
Aurora,Security,8,2028,0.0,16,36,81.18467338330083,81.18467338330083,88.63382250032973,0.0,9.175560862157916,True,False,4.64113712310791,1.0839426171857245,1.045340150641774
TaTS,Security,10,2026,0.0,1,32,83.39170242577858,83.39170242577858,83.52552881790538,0.0,0.16047926620268438,True,False,0.24364948272705078,1.0021609788029293,1.001227332752007
TaTS,Security,10,2027,0.5,0,32,83.39170242577858,83.39170242128718,83.39170241957098,-5.385902834831313e-09,-7.443901051118473e-09,False,False,1.1920928955078125e-07,0.9999999991183973,0.9999999998989648
TaTS,Security,10,2028,0.5,0,32,83.39170242577858,83.39170242128718,83.39170241957098,-5.385902834831313e-09,-7.443901051118473e-09,False,False,1.1920928955078125e-07,0.9999999991183973,0.9999999998989648
MM-TSFlib,Security,10,2026,1.0,1,32,97.48980175008192,96.90957023795283,96.90957023795283,-0.5951714966212829,-0.5951714966212829,False,False,0.2542380690574646,0.9961870075336793,0.9985546859760768
MM-TSFlib,Security,10,2027,0.75,0,32,97.48980175008192,97.48980172089036,97.48980170250512,-2.994320347227131e-08,-4.880182924438259e-08,False,False,1.1920928955078125e-07,0.9999999989871766,0.9999999994246196
MM-TSFlib,Security,10,2028,0.75,0,32,97.48980175008192,97.48980172089036,97.48980170250512,-2.994320347227131e-08,-4.880182924438259e-08,False,False,1.1920928955078125e-07,0.9999999989871766,0.9999999994246196
SpecTF,Security,10,2026,0.0,1,32,73.9949897801101,73.9949897801101,74.10139165438467,0.0,0.14379605239591697,True,False,0.2454824447631836,0.9956254739212776,1.0025560836668554
SpecTF,Security,10,2027,0.5,0,32,73.9949897801101,73.9949897801101,73.9949897801101,0.0,0.0,True,True,0.0,0.9999999999739153,0.9999999998950727
SpecTF,Security,10,2028,0.5,0,32,73.9949897801101,73.9949897801101,73.9949897801101,0.0,0.0,True,True,0.0,0.9999999999739153,0.9999999998950727
CFA,Security,10,2026,0.0,1,32,81.72534727849892,81.72534727849892,81.87172720867066,0.0,0.17911203200264847,True,False,0.24083471298217773,0.9986069526484042,1.0006454135446088
CFA,Security,10,2027,0.5,0,32,81.72534727849892,81.72534727775793,81.72534727528642,-9.066747352903803e-10,-3.930833436527337e-09,False,False,1.1920928955078125e-07,1.00000000022102,1.0
CFA,Security,10,2028,0.5,0,32,81.72534727849892,81.72534727775793,81.72534727528642,-9.066747352903803e-10,-3.930833436527337e-09,False,False,1.1920928955078125e-07,1.00000000022102,1.0
Aurora,Security,10,2026,1.0,1,32,84.90057875764339,84.9897272196817,84.9897272196817,0.10500336198271398,0.10500336198271398,False,False,0.24826765060424805,0.9943568687987268,0.9999814830500855
Aurora,Security,10,2027,1.0,0,32,84.90057875764339,84.90057875680107,84.90057875680107,-9.921286014957786e-10,-9.921286014957786e-10,False,False,1.1920928955078125e-07,0.999999998575053,0.9999999993768061
Aurora,Security,10,2028,1.0,0,32,84.90057875764339,84.90057875680107,84.90057875680107,-9.921286014957786e-10,-9.921286014957786e-10,False,False,1.1920928955078125e-07,0.999999998575053,0.9999999993768061
TaTS,Security,12,2026,0.0,1,32,80.98327342565297,80.98327342565297,81.18946800285066,0.0,0.25461378439708415,True,False,0.2719907760620117,1.0018289756829921,1.0046512172813882
TaTS,Security,12,2027,0.0,0,32,80.98327342565297,80.98327342565297,80.98327342091513,0.0,-5.850397943873986e-09,True,False,1.1920928955078125e-07,1.0,1.0
TaTS,Security,12,2028,0.0,0,32,80.98327342565297,80.98327342565297,80.98327342091513,0.0,-5.850397943873986e-09,True,False,1.1920928955078125e-07,1.0,1.0
MM-TSFlib,Security,12,2026,1.0,1,32,96.64963786673496,96.19511792256107,96.19511792256107,-0.47027588949749566,-0.47027588949749566,False,False,0.270557165145874,0.9961589496491783,0.9985611213110311
MM-TSFlib,Security,12,2027,0.75,0,32,96.64963786673496,96.64963780357274,96.64963779717937,-6.535173513455561e-08,-7.196674367548894e-08,False,False,1.1920928955078125e-07,0.9999999998901417,0.9999999998168166
MM-TSFlib,Security,12,2028,0.75,0,32,96.64963786673496,96.64963780357274,96.64963779717937,-6.535173513455561e-08,-7.196674367548894e-08,False,False,1.1920928955078125e-07,0.9999999998901417,0.9999999998168166
SpecTF,Security,12,2026,0.0,1,32,78.07562570941445,78.07562570941445,78.2643193388627,0.0,0.24168058562930028,True,False,0.27213239669799805,0.9984977872809175,1.0025628856340179
SpecTF,Security,12,2027,0.5,0,32,78.07562570941445,78.07562570941445,78.07562570941445,0.0,0.0,True,True,0.0,0.9999999999282748,0.9999999999532083
SpecTF,Security,12,2028,0.5,0,32,78.07562570941445,78.07562570941445,78.07562570941445,0.0,0.0,True,True,0.0,0.9999999999282748,0.9999999999532083
CFA,Security,12,2026,0.0,1,32,101.22611710260571,101.22611710260571,101.67180119174911,0.0,0.44028567122815776,True,False,0.27071475982666016,1.0030359709382342,1.0032619844538069
CFA,Security,12,2027,0.75,0,32,101.22611710260571,101.22611708152873,101.22611708097895,-2.0821688817562745e-08,-2.1364798818979125e-08,False,False,1.1920928955078125e-07,0.9999999998065019,0.999999999906714
CFA,Security,12,2028,0.75,0,32,101.22611710260571,101.22611708152873,101.22611708097895,-2.0821688817562745e-08,-2.1364798818979125e-08,False,False,1.1920928955078125e-07,0.9999999998065019,0.999999999906714
Aurora,Security,12,2026,1.0,1,32,89.22429087175277,89.30127528652127,89.30127528652127,0.08628190150501425,0.08628190150501425,False,False,0.2738828659057617,0.9958860105359786,0.9996546748705738
Aurora,Security,12,2027,1.0,0,32,89.22429087175277,89.22429086580622,89.22429086580622,-6.6647132257458e-09,-6.6647132257458e-09,False,False,1.1920928955078125e-07,0.9999999990737024,0.9999999993041142
Aurora,Security,12,2028,1.0,0,32,89.22429087175277,89.22429086580622,89.22429086580622,-6.6647132257458e-09,-6.6647132257458e-09,False,False,1.1920928955078125e-07,0.9999999990737024,0.9999999993041142
TaTS,SocialGood,6,2026,0.0,78,108,1.064878293277627,1.064878293277627,0.9143025431149513,0.0,-14.140184011002166,True,False,0.8141264319419861,1.0949939140092186,0.9223187982752176
TaTS,SocialGood,6,2027,1.0,3,32,1.064878293277627,1.0268757057011022,1.0268757057011022,-3.568725911348547,-3.568725911348547,False,False,0.2720654010772705,0.9984354242773231,0.9753655610035479
TaTS,SocialGood,6,2028,0.0,77,107,1.064878293277627,1.064878293277627,0.9030466886793512,0.0,-15.197192544902816,True,False,0.9264240264892578,1.1416564716216728,0.920576748296498
MM-TSFlib,SocialGood,6,2026,0.0,78,108,0.7169099234673274,0.7169099234673274,0.6805721831790076,0.0,-5.06866191955786,True,False,0.8429132103919983,1.2785823447064362,1.116071913143207
MM-TSFlib,SocialGood,6,2027,0.0,3,32,0.7169099234673274,0.7169099234673274,0.71328467113297,0.0,-0.5056775217762266,True,False,0.2433575987815857,1.0306241793693647,1.0086614722502703
MM-TSFlib,SocialGood,6,2028,0.0,77,107,0.7169099234673274,0.7169099234673274,0.6897142423278272,0.0,-3.793458599089905,True,False,0.8185045123100281,1.366361618468792,1.1514970164862024
SpecTF,SocialGood,6,2026,0.0,78,108,0.9929525026766165,0.9929525026766165,0.9277112524214932,0.0,-6.570430114155313,True,False,0.7982616424560547,1.1956181194784972,1.1423216448757278
SpecTF,SocialGood,6,2027,0.0,3,32,0.9929525026766165,0.9929525026766165,0.97987784053934,0.0,-1.3167459774795165,True,False,0.27098774909973145,1.0345468746601185,1.0316797434382903
SpecTF,SocialGood,6,2028,0.0,77,107,0.9929525026766165,0.9929525026766165,0.9200302335222108,0.0,-7.343983620347949,True,False,0.928746223449707,1.2596293907192393,1.1804258030238521
CFA,SocialGood,6,2026,0.0,78,108,0.9942550612647435,0.9942550612647435,0.9265489808723812,0.0,-6.8097295181214985,True,False,0.8763827681541443,1.2556586558385772,1.1766370849157253
CFA,SocialGood,6,2027,0.0,3,32,0.9942550612647435,0.9942550612647435,0.9815832057286873,0.0,-1.2745075212327261,True,False,0.28265905380249023,1.040185156252862,1.0355568554240253
CFA,SocialGood,6,2028,0.0,77,107,0.9942550612647435,0.9942550612647435,0.9048670840899797,0.0,-8.990447286338943,True,False,0.9263262748718262,1.3286745421863193,1.216589116328446
Aurora,SocialGood,6,2026,1.0,78,108,1.6768303961171411,1.4473533446840938,1.4473533446840938,-13.685167680906973,-13.685167680906973,False,False,0.898634135723114,0.979216427096591,0.9812819866920189
Aurora,SocialGood,6,2027,0.0,3,32,1.6768303961171411,1.6768303961171411,1.681438912279235,0.0,0.2748349608144851,True,False,0.26476043462753296,1.0191463278674961,1.0103561492366404
Aurora,SocialGood,6,2028,1.0,77,107,1.6768303961171411,1.4169349194049718,1.4169349194049718,-15.499210731984691,-15.499210731984691,False,False,0.8738932609558105,0.9719818452840147,0.9802340385788321
TaTS,SocialGood,8,2026,0.0,92,112,1.1622191062566747,1.1622191062566747,1.0341727519664707,0.0,-11.017402278183253,True,False,0.8099005222320557,1.0409813728735238,0.9279753314008262
TaTS,SocialGood,8,2027,1.0,69,101,1.1622191062566747,1.050139779325117,1.050139779325117,-9.64356258886051,-9.64356258886051,False,False,0.7987620830535889,0.9924238742563897,0.9201851244071099
TaTS,SocialGood,8,2028,0.5,0,48,1.1622191062566747,1.1622191062796174,1.162219106295467,1.974043151165006e-09,3.3377745012330706e-09,False,False,1.4901161193847656e-08,1.0000000000265807,1.0000000000305664
MM-TSFlib,SocialGood,8,2026,0.0,92,112,0.845313280627705,0.845313280627705,0.8159199916147075,0.0,-3.4772065796920826,True,False,0.9905160665512085,1.1346294092127134,1.0554565569992604
MM-TSFlib,SocialGood,8,2027,0.0,69,101,0.845313280627705,0.845313280627705,0.8258114849560001,0.0,-2.307049483148249,True,False,1.0178191661834717,1.0810523769209186,1.0421921046798939
MM-TSFlib,SocialGood,8,2028,0.0,0,48,0.845313280627705,0.845313280627705,0.8453132807987188,0.0,2.023081702162699e-08,True,False,1.4901161193847656e-08,1.0000000000355918,1.0000000000093123
SpecTF,SocialGood,8,2026,0.0,92,112,1.0952617932062743,1.0952617932062743,1.0270204749899667,0.0,-6.230594241449583,True,False,0.883513331413269,1.1043919594089058,1.084796241658319
SpecTF,SocialGood,8,2027,0.0,69,101,1.0952617932062743,1.0952617932062743,1.039073012554689,0.0,-5.130168969657745,True,False,0.8775880932807922,1.0739453705939428,1.0751385089959675
SpecTF,SocialGood,8,2028,0.5,0,48,1.0952617932062743,1.0952617932617768,1.0952617932958448,5.0675019735990645e-09,8.178013821691366e-09,False,False,1.4901161193847656e-08,0.9999999999207758,1.0
CFA,SocialGood,8,2026,0.0,92,112,0.8982351742735893,0.8982351742735893,0.8588797360884719,0.0,-4.381418064255227,True,False,0.9537102580070496,1.1316891140733965,1.087929445932577
CFA,SocialGood,8,2027,0.0,69,101,0.8982351742735893,0.8982351742735893,0.8617074398324072,0.0,-4.066611449581947,True,False,0.9728206992149353,1.0871616762808658,1.0726297516233743
CFA,SocialGood,8,2028,1.0,0,48,0.8982351742735893,0.8982351743150155,0.8982351743150155,4.61195526213487e-09,4.61195526213487e-09,False,False,1.4901161193847656e-08,0.9999999999800336,0.9999999999880562
Aurora,SocialGood,8,2026,1.0,92,112,1.787518923563987,1.577933295572668,1.577933295572668,-11.724945969995304,-11.724945969995304,False,False,0.9991744756698608,0.9791177644007063,0.9778637160113004
Aurora,SocialGood,8,2027,1.0,69,101,1.787518923563987,1.6054216736825986,1.6054216736825986,-10.187150887237584,-10.187150887237584,False,False,1.02467679977417,0.9838046040811563,0.9785454181303106
Aurora,SocialGood,8,2028,0.0,0,48,1.787518923563987,1.787518923563987,1.7875189235879403,0.0,1.340039190722564e-09,True,False,1.4901161193847656e-08,1.0,1.0
TaTS,SocialGood,10,2026,0.75,77,110,1.2931527146674995,1.1649719689066809,1.1336657550065257,-9.912266687989513,-12.33318832741126,False,False,0.8644778728485107,1.0058964616689285,0.917429160880301
TaTS,SocialGood,10,2027,1.0,56,94,1.2931527146674995,1.16770600833048,1.16770600833048,-9.700842361010299,-9.700842361010299,False,False,0.9593428373336792,0.959174549188465,0.9117145473009801
TaTS,SocialGood,10,2028,1.0,85,105,1.2931527146674995,1.1442346517740003,1.1442346517740003,-11.515891449200533,-11.515891449200533,False,False,0.8232046365737915,0.9995290283982748,0.9132715923787533
MM-TSFlib,SocialGood,10,2026,0.0,77,110,0.8738624749434614,0.8738624749434614,0.8472402415204479,0.0,-3.0465015018222408,True,False,0.8870288729667664,1.2022755498999114,1.0897597325532897
MM-TSFlib,SocialGood,10,2027,0.0,56,94,0.8738624749434614,0.8738624749434614,0.8417300827653065,0.0,-3.6770536668523146,True,False,0.9723300337791443,1.1036093975491785,1.0448998289361198
MM-TSFlib,SocialGood,10,2028,0.0,85,105,0.8738624749434614,0.8738624749434614,0.8505631073679271,0.0,-2.666251068515302,True,False,0.8366844058036804,1.1890111093120406,1.0841173941751576
SpecTF,SocialGood,10,2026,0.0,77,110,1.3973327760600354,1.3973327760600354,1.3072038036720983,0.0,-6.450072161197539,True,False,0.8184076547622681,1.1197198896625933,1.1003042973624824
SpecTF,SocialGood,10,2027,0.0,56,94,1.3973327760600354,1.3973327760600354,1.3207972095060905,0.0,-5.47726124121607,True,False,0.8891401290893555,1.0751332839001821,1.07396182326491
SpecTF,SocialGood,10,2028,0.0,85,105,1.3973327760600354,1.3973327760600354,1.3109566578396208,0.0,-6.181499475304908,True,False,0.8628725409507751,1.1162121797305762,1.0971399376606643
CFA,SocialGood,10,2026,0.0,77,110,0.9862629560847868,0.9862629560847868,0.9446858312250053,0.0,-4.215622679861375,True,False,0.9057186245918274,1.188356169878241,1.1645981934132072
CFA,SocialGood,10,2027,0.0,56,94,0.9862629560847868,0.9862629560847868,0.9541410183348281,0.0,-3.2569344262380673,True,False,0.9691059589385986,1.1110925946285912,1.1136233875443686
CFA,SocialGood,10,2028,0.0,85,105,0.9862629560847868,0.9862629560847868,0.9449392713488318,0.0,-4.189925666477368,True,False,0.8572521209716797,1.1778523056614947,1.1546254165386045
Aurora,SocialGood,10,2026,0.0,77,110,1.8458122988986667,1.8458122988986667,1.635538495660259,0.0,-11.391938571645177,True,False,0.9291681051254272,1.0200761139663392,0.9998035056079619
Aurora,SocialGood,10,2027,0.0,56,94,1.8458122988986667,1.8458122988986667,1.6696222441841275,0.0,-9.545393907043842,True,False,0.9998804926872253,1.0095430121154245,0.9890505689169098
Aurora,SocialGood,10,2028,0.0,85,105,1.8458122988986667,1.8458122988986667,1.6457677234948525,0.0,-10.837752870276896,True,False,0.8923392295837402,1.0239957952861805,0.9987114461217591
TaTS,SocialGood,12,2026,0.0,0,32,1.322838435281429,1.322838435281429,1.322838435485787,0.0,1.5448442525212158e-08,True,False,1.4901161193847656e-08,1.0000000000211915,1.0000000000082507
TaTS,SocialGood,12,2027,0.0,5,93,1.322838435281429,1.322838435281429,1.3291843122432667,0.0,0.479716705576938,True,False,0.3342447280883789,1.0146764214962452,1.0114236853873428
TaTS,SocialGood,12,2028,0.0,0,32,1.322838435281429,1.322838435281429,1.322838435485787,0.0,1.5448442525212158e-08,True,False,1.4901161193847656e-08,1.0000000000211915,1.0000000000082507
MM-TSFlib,SocialGood,12,2026,0.0,0,32,0.9595029697920977,0.9595029697920977,0.9595029698937664,0.0,1.0595968547022494e-08,True,False,2.9802322387695312e-08,1.0000000000575908,1.0000000000454652
MM-TSFlib,SocialGood,12,2027,1.0,5,93,0.9595029697920977,0.9608070082981058,0.9608070082981058,0.1359077092060179,0.1359077092060179,False,False,0.2932140827178955,0.9961589265334183,0.9913683974019277
MM-TSFlib,SocialGood,12,2028,0.0,0,32,0.9595029697920977,0.9595029697920977,0.9595029698937664,0.0,1.0595968547022494e-08,True,False,2.9802322387695312e-08,1.0000000000575908,1.0000000000454652
SpecTF,SocialGood,12,2026,0.0,0,32,1.302310829209715,1.302310829209715,1.3023108293500971,0.0,1.077946620853254e-08,True,False,2.9802322387695312e-08,1.0000000000033231,1.0000000000075733
SpecTF,SocialGood,12,2027,0.0,5,93,1.302310829209715,1.302310829209715,1.2994758540490803,0.0,-0.21768805856855478,True,False,0.3975012004375458,1.0092245814915273,1.0046091116513711
SpecTF,SocialGood,12,2028,0.0,0,32,1.302310829209715,1.302310829209715,1.3023108293500971,0.0,1.077946620853254e-08,True,False,2.9802322387695312e-08,1.0000000000033231,1.0000000000075733
CFA,SocialGood,12,2026,1.0,0,32,1.1426291047109751,1.1426291047859694,1.1426291047859694,6.563305454676538e-09,6.563305454676538e-09,False,False,2.9802322387695312e-08,0.9999999999590575,0.9999999999868305
CFA,SocialGood,12,2027,0.0,5,93,1.1426291047109751,1.1426291047109751,1.1343499717702996,0.0,-0.7245687079509233,True,False,0.3698563873767853,1.0134228111229224,1.0031482569444294
CFA,SocialGood,12,2028,1.0,0,32,1.1426291047109751,1.1426291047859694,1.1426291047859694,6.563305454676538e-09,6.563305454676538e-09,False,False,2.9802322387695312e-08,0.9999999999590575,0.9999999999868305
Aurora,SocialGood,12,2026,0.0,0,32,1.8754868897925865,1.8754868897925865,1.8754868898433923,0.0,2.708944180085382e-09,True,False,2.9802322387695312e-08,1.0,1.0
Aurora,SocialGood,12,2027,0.0,5,93,1.8754868897925865,1.8754868897925865,1.8455694772250097,0.0,-1.5951811089911394,True,False,0.3798859417438507,1.0057222562620198,1.0028506670002613
Aurora,SocialGood,12,2028,0.0,0,32,1.8754868897925865,1.8754868897925865,1.8754868898433923,0.0,2.708944180085382e-09,True,False,2.9802322387695312e-08,1.0,1.0
TaTS,Traffic,6,2026,0.0,3,32,0.24723389000952123,0.24723389000952123,0.23463792612712933,0.0,-5.094756176795512,True,False,0.10723423957824707,1.1412150764780078,1.0489449972607556
TaTS,Traffic,6,2027,0.0,3,32,0.24723389000952123,0.24723389000952123,0.23829839052228013,0.0,-3.6141887695481323,True,False,0.08129727840423584,1.0806465836022923,1.0360688542201306
TaTS,Traffic,6,2028,0.0,3,32,0.24723389000952123,0.24723389000952123,0.2361916611796945,0.0,-4.466308736800395,True,False,0.08536958694458008,1.0617750176589762,1.017118253399634
MM-TSFlib,Traffic,6,2026,0.0,3,32,0.15184177843025573,0.15184177843025573,0.16290861355678507,0.0,7.288399306790638,True,False,0.11467456817626953,1.2767966677059688,1.1467957946867795
MM-TSFlib,Traffic,6,2027,0.0,3,32,0.15184177843025573,0.15184177843025573,0.1598619716698424,0.0,5.281941058975748,True,False,0.08793944120407104,1.1832408764164473,1.0937586887569697
MM-TSFlib,Traffic,6,2028,0.0,3,32,0.15184177843025573,0.15184177843025573,0.15998081124472688,0.0,5.360206458731365,True,False,0.0807119607925415,1.1946625525423202,1.1068932804665068
SpecTF,Traffic,6,2026,0.0,3,32,0.16757848338838088,0.16757848338838088,0.16272069255726848,0.0,-2.8988153687093288,True,False,0.11548513174057007,0.988605615995524,1.035235400549933
SpecTF,Traffic,6,2027,0.0,3,32,0.16757848338838088,0.16757848338838088,0.16373411911533672,0.0,-2.294067946738987,True,False,0.08539187908172607,0.9800492211701586,1.0208104918070768
SpecTF,Traffic,6,2028,0.0,3,32,0.16757848338838088,0.16757848338838088,0.16340599345819032,0.0,-2.489872115932912,True,False,0.08587133884429932,0.9774009621298448,1.0165873707429736
CFA,Traffic,6,2026,0.75,3,32,0.15811983108467015,0.15599138636101628,0.15569059430281368,-1.3460960014016976,-1.5363264463365556,False,False,0.11354520916938782,0.9624568774418589,1.0032372773571796
CFA,Traffic,6,2027,1.0,3,32,0.15811983108467015,0.1563159214566022,0.1563159214566022,-1.14084970600683,-1.14084970600683,False,False,0.08763241767883301,0.9576771123679888,0.9973573871455084
CFA,Traffic,6,2028,1.0,3,32,0.15811983108467015,0.15614198891551467,0.15614198891551467,-1.2508501657179094,-1.2508501657179094,False,False,0.08586478233337402,0.9618742361368602,0.9990928168247671
Aurora,Traffic,6,2026,0.0,3,32,0.15602859012632012,0.15602859012632012,0.16132229881304108,0.0,3.3927812091586462,True,False,0.11272454261779785,1.27001935095763,1.1595993412150283
Aurora,Traffic,6,2027,0.0,3,32,0.15602859012632012,0.15602859012632012,0.15969875063750338,0.0,2.352235899979571,True,False,0.08484888076782227,1.1802813542193047,1.1146296620534983
Aurora,Traffic,6,2028,0.0,3,32,0.15602859012632012,0.15602859012632012,0.15963723986417397,0.0,2.312813142086534,True,False,0.08478009700775146,1.1897077283074333,1.1188830558368346
TaTS,Traffic,8,2026,0.0,0,32,0.23876363465916217,0.23876363465916217,0.23876363465916217,0.0,0.0,True,True,0.0,1.0,1.0
TaTS,Traffic,8,2027,0.5,2,32,0.23876363465916217,0.23595621341425485,0.23328232714455058,-1.1758160948232121,-2.295704503927587,False,False,0.048784494400024414,1.0074808710530383,0.9961621720969629
TaTS,Traffic,8,2028,1.0,1,32,0.23876363465916217,0.23614988479560767,0.23614988479560767,-1.0947018239547468,-1.0947018239547468,False,False,0.018988609313964844,0.991899506661384,0.992540987482305
MM-TSFlib,Traffic,8,2026,0.0,0,32,0.15819917205889875,0.15819917205889875,0.15819917205889875,0.0,0.0,True,True,0.0,1.0,1.0
MM-TSFlib,Traffic,8,2027,0.0,2,32,0.15819917205889875,0.15819917205889875,0.1612472225498613,0.0,1.9267170942131928,True,False,0.04921865463256836,1.038247638210738,1.0228161354105147
MM-TSFlib,Traffic,8,2028,0.0,1,32,0.15819917205889875,0.15819917205889875,0.15945758408714347,0.0,0.7954605652273683,True,False,0.020224690437316895,1.0093725396763955,1.0066698763945505
SpecTF,Traffic,8,2026,0.0,0,32,0.18590940564234654,0.18590940564234654,0.18590940562685002,0.0,-8.335521162194937e-09,True,False,3.725290298461914e-09,1.0,1.0
SpecTF,Traffic,8,2027,0.25,2,32,0.18590940564234654,0.18576108433119143,0.18551713283465293,-0.07978149929672718,-0.21100213103163457,False,False,0.04857957363128662,1.0059673674419745,0.9997290796175291
SpecTF,Traffic,8,2028,1.0,1,32,0.18590940564234654,0.1856900029511853,0.1856900029511853,-0.11801591770097541,-0.11801591770097541,False,False,0.021082282066345215,0.9974840255610172,0.9977445238045879
CFA,Traffic,8,2026,0.0,0,32,0.15928932672901436,0.15928932672901436,0.15928932673462126,0.0,3.5199398951135663e-09,True,False,1.862645149230957e-09,1.0,1.0
CFA,Traffic,8,2027,0.0,2,32,0.15928932672901436,0.15928932672901436,0.1596411076065503,0.0,0.22084397288864022,True,False,0.04819309711456299,1.053842645087422,1.016662157379296
CFA,Traffic,8,2028,0.0,1,32,0.15928932672901436,0.15928932672901436,0.15940076068595135,0.0,0.0699569514325038,True,False,0.019958972930908203,1.016442357942159,1.0032096091475258
Aurora,Traffic,8,2026,0.0,0,32,0.16190882453397848,0.16190882453397848,0.16190882453397848,0.0,0.0,True,True,0.0,1.0,1.0
Aurora,Traffic,8,2027,0.0,2,32,0.16190882453397848,0.16190882453397848,0.16363649129437757,0.0,1.0670615177226006,True,False,0.048889875411987305,1.0800354097050169,1.0554299070370095
Aurora,Traffic,8,2028,0.0,1,32,0.16190882453397848,0.16190882453397848,0.16259569661312825,0.0,0.4242338742973306,True,False,0.02003622055053711,1.0307731401456308,1.0214246467460677
TaTS,Traffic,10,2026,0.0,0,32,0.24555718831519832,0.24555718831519832,0.24555718831519832,0.0,0.0,True,True,0.0,1.0,1.0
TaTS,Traffic,10,2027,0.25,1,32,0.24555718831519832,0.24492871046244485,0.24306897611430736,-0.2559395051985769,-1.0132923487041534,False,False,0.01740741729736328,1.000730355647245,1.0005648385445594
TaTS,Traffic,10,2028,0.75,1,32,0.24555718831519832,0.2435527098639158,0.2428925965244526,-0.8162980139313047,-1.08512066334846,False,False,0.01074528694152832,1.0002919342184942,0.9983852562816032
MM-TSFlib,Traffic,10,2026,0.0,0,32,0.1666901516930486,0.1666901516930486,0.1666901516930486,0.0,0.0,True,True,0.0,1.0,1.0
MM-TSFlib,Traffic,10,2027,0.0,1,32,0.1666901516930486,0.1666901516930486,0.1685930834081849,0.0,1.1415981663034591,True,False,0.018528342247009277,1.0328062864518637,1.0233276649018115
MM-TSFlib,Traffic,10,2028,0.0,1,32,0.1666901516930486,0.1666901516930486,0.16851282551148544,0.0,1.0934502128195245,True,False,0.009630322456359863,1.0331705685721935,1.0210997155170929
SpecTF,Traffic,10,2026,0.0,0,32,0.19986794571428487,0.19986794571428487,0.19986794572808184,0.0,6.903033700211836e-09,True,False,3.725290298461914e-09,1.0,1.0
SpecTF,Traffic,10,2027,0.0,1,32,0.19986794571428487,0.19986794571428487,0.19963245833233387,0.0,-0.11782148513580504,True,False,0.018530726432800293,1.0071187806497315,1.0032423722243302
SpecTF,Traffic,10,2028,0.0,1,32,0.19986794571428487,0.19986794571428487,0.19954956032512483,0.0,-0.15929787441513188,True,False,0.00975877046585083,1.0112169688276,1.0041086302857642
CFA,Traffic,10,2026,0.0,0,32,0.1732082597712524,0.1732082597712524,0.1732082597537759,0.0,-1.0089873381247116e-08,True,False,7.450580596923828e-09,1.0,1.0
CFA,Traffic,10,2027,0.0,1,32,0.1732082597712524,0.1732082597712524,0.17350749153977676,0.0,0.17275837129220317,True,False,0.01880967617034912,1.0309002732577226,1.015580197804543
CFA,Traffic,10,2028,0.0,1,32,0.1732082597712524,0.1732082597712524,0.17341728998437314,0.0,0.12068143482117932,True,False,0.009753108024597168,1.0344381019603457,1.0185404587002742
Aurora,Traffic,10,2026,0.0,0,32,0.16721218643952346,0.16721218643952346,0.16721218643952346,0.0,0.0,True,True,0.0,1.0,1.0
Aurora,Traffic,10,2027,0.0,1,32,0.16721218643952346,0.16721218643952346,0.16793301455495327,0.0,0.43108587404931953,True,False,0.01793527603149414,1.0361260563973218,1.022460800911458
Aurora,Traffic,10,2028,0.0,1,32,0.16721218643952346,0.16721218643952346,0.16788568774699314,0.0,0.40278242980409384,True,False,0.010088324546813965,1.038166024430917,1.0215331155009044
TaTS,Traffic,12,2026,0.0,0,32,0.22234044158079816,0.22234044158079816,0.22234044158079816,0.0,0.0,True,True,0.0,1.0,1.0
TaTS,Traffic,12,2027,0.0,0,32,0.22234044158079816,0.22234044158079816,0.22234044158079816,0.0,0.0,True,True,0.0,1.0,1.0
TaTS,Traffic,12,2028,0.0,0,32,0.22234044158079816,0.22234044158079816,0.22234044158079816,0.0,0.0,True,True,0.0,1.0,1.0
MM-TSFlib,Traffic,12,2026,0.0,0,32,0.17549252996919057,0.17549252996919057,0.17549252996919057,0.0,0.0,True,True,0.0,1.0,1.0
MM-TSFlib,Traffic,12,2027,0.0,0,32,0.17549252996919057,0.17549252996919057,0.17549252996919057,0.0,0.0,True,True,0.0,1.0,1.0
MM-TSFlib,Traffic,12,2028,0.0,0,32,0.17549252996919057,0.17549252996919057,0.17549252996919057,0.0,0.0,True,True,0.0,1.0,1.0
SpecTF,Traffic,12,2026,0.0,0,32,0.18894771280705278,0.18894771280705278,0.18894771280705278,0.0,0.0,True,True,0.0,1.0,1.0
SpecTF,Traffic,12,2027,0.0,0,32,0.18894771280705278,0.18894771280705278,0.18894771280705278,0.0,0.0,True,True,0.0,1.0,1.0
SpecTF,Traffic,12,2028,0.0,0,32,0.18894771280705278,0.18894771280705278,0.18894771280705278,0.0,0.0,True,True,0.0,1.0,1.0
CFA,Traffic,12,2026,0.0,0,32,0.17699060160295385,0.17699060160295385,0.17699060160295385,0.0,0.0,True,True,0.0,1.0,1.0
CFA,Traffic,12,2027,0.0,0,32,0.17699060160295385,0.17699060160295385,0.17699060160295385,0.0,0.0,True,True,0.0,1.0,1.0
CFA,Traffic,12,2028,0.0,0,32,0.17699060160295385,0.17699060160295385,0.17699060160295385,0.0,0.0,True,True,0.0,1.0,1.0
Aurora,Traffic,12,2026,0.0,0,32,0.17349987474511538,0.17349987474511538,0.17349987474511538,0.0,0.0,True,True,0.0,1.0,1.0
Aurora,Traffic,12,2027,0.0,0,32,0.17349987474511538,0.17349987474511538,0.17349987474511538,0.0,0.0,True,True,0.0,1.0,1.0
Aurora,Traffic,12,2028,0.0,0,32,0.17349987474511538,0.17349987474511538,0.17349987474511538,0.0,0.0,True,True,0.0,1.0,1.0
